clusters	baseline_props	mean_props_cond_1	mean_props_cond_2	prop_ratio	t_statistics	p_values	adjusted_p_values
c1	0.010889216766068868	0.008927050104240056	0.01207050740380511	0.739575380354424	-1.2461627846222048	0.22234844931013203	0.902554779246945
c2	0.04033582012011388	0.03969822470928945	0.03923428285892641	1.0118249096595244	0.1234746745080736	0.902554779246945	0.902554779246945
c3	0.15105671120716527	0.14842758786571209	0.15634473579069835	0.9493609561911626	-0.27186548570289015	0.7875877233880623	0.902554779246945
c4	0.365765466220569	0.35758927413449565	0.3775911028037011	0.9470278072743576	-0.40638104961453253	0.6873471293641091	0.902554779246945
c5	0.431952785686083	0.4453578631862628	0.4147593711428691	1.0737740824494926	0.6254357902943372	0.5364142478280144	0.902554779246945
c1	0.010356545660499488	0.009777400391654326	0.011094589336110284	0.8812764578704309	-0.3825200468386667	0.7047723915722041	0.7421675676104206
c2	0.05871406224715465	0.059982073803408344	0.05730728751732593	1.0466744527957939	0.3320403621937616	0.7421675676104206	0.7421675676104206
c3	0.16481471492529262	0.16627500727621458	0.16097491427288585	1.0329249624220578	0.3337082304656418	0.7409211430014959	0.7421675676104206
c4	0.35789416904903176	0.3342122110909952	0.38122754922364355	0.8766738179641176	-0.7543741352229283	0.4565056975498931	0.7421675676104206
c5	0.40822050811802146	0.42975330743772755	0.3893956596500344	1.1036417504600955	0.8170037736256885	0.4203673282481628	0.7421675676104206
c1	0.010786322942508898	0.009551298563758404	0.01296749824375175	0.7365567655550364	-1.5144025021017742	0.16312650205549595	0.2718775034258266
c2	0.05727537482472225	0.05685724024171723	0.05741230044884875	0.990332033330975	-0.0796755515350073	0.9381826351410305	0.9381826351410305
c3	0.14130083054686657	0.1461640199070449	0.13306234507238843	1.098462677983985	0.19121509600877454	0.8524645135343166	0.9381826351410305
c4	0.37382698738000214	0.4170108083646059	0.3239015985412187	1.2874614087819587	2.413851838931649	0.03815862871517451	0.09539657178793627
c5	0.4168104843059001	0.3704166329228735	0.4726562576937924	0.7836913759065172	-2.512078493483623	0.032407225647144725	0.09539657178793627
c1	0.009287496534516219	0.009278465525035801	0.008718591249240338	1.0642161399462609	0.4689153134882553	0.6425199986861297	0.8031499983576621
c2	0.059606321042417525	0.0650862478738774	0.05261987957776351	1.2369136606953013	0.7125036741063264	0.48165818912914216	0.8031499983576621
c3	0.1507624064319379	0.1459550308995574	0.1517750456455984	0.9616536781703164	-0.13680768040801855	0.8920968153554498	0.8920968153554498
c4	0.3384530080399224	0.31509038189500344	0.36084793978780016	0.8731943490665213	-0.9494584494526574	0.34997406191954716	0.8031499983576621
c5	0.44189076795120596	0.46458987380652594	0.4260385437395976	1.0904878927820474	0.6103646604516939	0.5462167061578693	0.8031499983576621
c1	0.010482520127519317	0.012713712290052852	0.008788257204673581	1.4466704824355527	1.5634246036068875	0.12844138647477138	0.3211034661869284
c2	0.03952558491381639	0.04708700794602651	0.03235859081073234	1.4551625014031577	1.844607217708308	0.07498928110287909	0.3211034661869284
c3	0.14697141622088938	0.16393535051814753	0.13564517469268836	1.2085601341113101	1.1316780859461435	0.26673505645444545	0.44455842742407575
c4	0.337115685956665	0.3249646414508242	0.34686698902808133	0.9368566387979804	-0.4296703965864279	0.6705058854353851	0.6705058854353851
c5	0.46590479278110986	0.4512992877949489	0.4763409882638244	0.9474290453984487	-0.4387945608317357	0.6639544533635229	0.6705058854353851
c1	0.00964630225080386	0.010006282730594226	0.009313671965525816	1.0743649516143665	0.0442569204519236	0.9649928847545509	0.9649928847545509
c2	0.04795190829022788	0.05450683656078802	0.04432467622788077	1.2297176471308895	0.8623819137240941	0.39531897793610093	0.9649928847545509
c3	0.16060394240178946	0.14477876617906563	0.17747976141242428	0.8157480324904838	-0.7447148816559174	0.46223849779296067	0.9649928847545509
c4	0.35766811128197956	0.3589689645034693	0.33910869123875065	1.0585660992414259	0.324203363090647	0.7480337480182379	0.9649928847545509
c5	0.4241297357751992	0.43173915002608276	0.42977319915541845	1.0045743915035366	0.04538529871516377	0.9641009655035457	0.9649928847545509
c1	0.010200386286817962	0.007323924635848711	0.013063168122949862	0.5606545492576006	-2.589958401536919	0.01467162728809645	0.07335813644048225
c2	0.048044422984065666	0.04088530723492244	0.05736157516652603	0.712764723008888	-1.311152739040119	0.19975378398390542	0.49938445995976355
c3	0.1691815548044423	0.16158995937069215	0.17402946851785223	0.9285206738082752	-0.3836242442208573	0.7039623239191939	0.7515224389560098
c4	0.35858281023660066	0.38719232483486565	0.33262057820293356	1.1640660566666372	0.9871532994420865	0.3314627614826453	0.5524379358044089
c5	0.4139908256880734	0.40300848392367106	0.42292520998973837	0.952907214808617	-0.3195523374876595	0.7515224389560098	0.7515224389560098
c1	0.008798332947441537	0.01036096176102472	0.007723303381517582	1.3415194573113942	0.9808479372826152	0.33451206919365706	0.5059683424364545
c2	0.03667515628617735	0.042048187619342633	0.03441929111928724	1.2216459506273927	1.1534415996885667	0.2578363776518061	0.5059683424364545
c3	0.13602685806899745	0.09674244006362827	0.1680889314818686	0.5755431913972496	-2.6604296958781655	0.012408447411484199	0.06204223705742099
c4	0.33704561241028014	0.34082723554203825	0.32825914297592473	1.0382871058888838	0.336985145833114	0.7384743342274241	0.7384743342274241
c5	0.4814540402871035	0.510021175013966	0.46150933104140185	1.105115629760067	0.8450456140724995	0.40477467394916367	0.5059683424364545
c1	0.012083732243123658	0.011966982618887562	0.013300572563681896	0.8997343957630973	-0.5732256762816555	0.5707641560193313	0.6142810871521679
c2	0.04610965922322561	0.03449582031530097	0.06282762931965999	0.5490549410959003	-3.011650247767007	0.005234183971139418	0.026170919855697087
c3	0.14342639790928144	0.16475730638969893	0.12901444358416614	1.2770454362516004	1.1795735709441193	0.2474397895847359	0.6142810871521679
c4	0.34786658731596243	0.35039766313396137	0.3279294809812735	1.0685152859250582	0.5092810265340243	0.6142810871521679	0.6142810871521679
c5	0.4505136233084069	0.4383822275421511	0.4669278735512185	0.9388649775992947	-0.5431063624340264	0.5910694343580347	0.6142810871521679
c1	0.010286451034250799	0.008330296428050343	0.013532322310110888	0.6155851329247627	-1.4413117362465995	0.17992584345242324	0.29987640575403873
c2	0.04478950613823645	0.044390899120016744	0.045016713043993524	0.9860981870585445	-0.40181114289144637	0.6962365845782834	0.6962365845782834
c3	0.17784068613711532	0.16748034318947672	0.1900372379714626	0.8813027645383207	-1.0230570576449818	0.33028033941198165	0.41285042426497703
c4	0.36254834912270867	0.40036891578528283	0.31182569156529005	1.2839510233282159	2.9341814232596644	0.014861566308081445	0.07430783154040722
c5	0.4045350075676888	0.37942954547717334	0.439588035109143	0.8631480276367549	-2.0315922900594083	0.06948480170963867	0.17371200427409667
c1	0.011423096764684207	0.013138806235017456	0.011000795276469912	1.1943505814639266	0.3803239498042272	0.7063845500931545	0.7688495964562145
c2	0.05232515292210185	0.048947272339748174	0.05211236659258655	0.9392640469088073	-0.2965551634320147	0.7688495964562145	0.7688495964562145
c3	0.1435870980421058	0.15023067482862323	0.13685406491706614	1.0977436068096578	0.35259359860186107	0.7268583677675444	0.7688495964562145
c4	0.3326946225464908	0.31563349648507494	0.35227276183939366	0.895991773070939	-0.5949539558683443	0.5563356320157795	0.7688495964562145
c5	0.45997002972461737	0.47204975011153616	0.4477600113744837	1.0542472264606448	0.35287917213791326	0.726646444521005	0.7688495964562145
c1	0.011250375467627863	0.01304574248965023	0.009790546991031785	1.3324835171722504	1.5670030116824738	0.12760272765134856	0.6380136382567427
c2	0.04117855875044373	0.04209721569017609	0.04116294536857094	1.0226968773308067	0.21306493990554842	0.832717588577002	0.832717588577002
c3	0.14625488107916224	0.14357148095744637	0.1512982775582055	0.9489300425261844	-0.35277349158586047	0.7267248671744112	0.832717588577002
c4	0.31989841893995247	0.32498341160486427	0.3087406076116539	1.0526098724714605	0.25230815100159953	0.8025235537441292	0.832717588577002
c5	0.4814177657628137	0.47630214925786307	0.4890076224705379	0.9740178421995042	-0.23174053933397773	0.8183130162575978	0.832717588577002
c1	0.010022073934996068	0.008437666297227402	0.011590256590003001	0.7279965056602097	-1.2533258147761712	0.21976750811018536	0.3662791801836423
c2	0.05069393347372694	0.04609706872095626	0.05963297770608241	0.7730130289343989	-0.7183969204057766	0.478070715105131	0.5975883938814137
c3	0.1406642478370081	0.10511992182663837	0.18094048444815872	0.5809640785877098	-2.635663792523814	0.013164003847019821	0.0658200192350991
c4	0.33428056732550177	0.36952856482899077	0.28843029926735025	1.2811711036172013	1.6137960512747205	0.11704261173794125	0.2926065293448531
c5	0.4643391774287672	0.47081677832618724	0.4594059819884056	1.0248381535834454	0.18968473520886453	0.8508337870485108	0.8508337870485108
c1	0.010670125740109213	0.011316826555155621	0.00986654245791737	1.146990103516402	0.449181975114492	0.6565287078827564	0.8210918569073716
c2	0.04115321045253886	0.04021784538262832	0.041830995145758026	0.9614364956533124	0.08099208545479546	0.9359861702500238	0.9359861702500238
c3	0.139757725380254	0.10542591915374765	0.16442995191724535	0.6411600680076014	-2.1992925817860947	0.03570357999422631	0.17851789997113154
c4	0.3185137142498483	0.32777148291691804	0.3027270702615571	1.0827293463836005	0.44869859302067144	0.6568734855258973	0.8210918569073716
c5	0.48990522417724963	0.5152679259915504	0.48114544021752215	1.0709192749672567	0.6043662398888936	0.5501439576801436	0.8210918569073716
c1	0.0084014182210575	0.010164168237748409	0.00711495074398557	1.4285648071900443	1.165386492902723	0.2545381772185352	0.4242302953642254
c2	0.05390267714917014	0.04471524863849141	0.06581595664000613	0.6793982936853844	-2.0905536242726934	0.0465816801735711	0.2329084008678555
c3	0.14436565438569446	0.14379661440850677	0.1416574522206685	1.0151009505981088	0.09845698281349875	0.9223313956467036	0.9223313956467036
c4	0.3714351780484045	0.3933722621955996	0.3360195561732474	1.170682643223247	1.2124810271782216	0.23632891396869285	0.4242302953642254
c5	0.4218950721956734	0.40795170651965385	0.44939208422209237	0.9077856972621742	-0.8298206066607212	0.4142627460473559	0.5178284325591949
c1	0.01074221253685425	0.013785477469084796	0.008550641826394395	1.6122155212409135	1.8481290527843308	0.07775569876044083	0.33675308931067766
c2	0.048224586591462636	0.05512233610295336	0.04160996684254609	1.324738765390962	1.5515739644014122	0.13470123572427106	0.33675308931067766
c3	0.17282399692347136	0.15850449288552987	0.18349144456366795	0.8638249770306424	-0.812501134349954	0.4250079839371913	0.5374609950325824
c4	0.3369824381489553	0.364635517545228	0.3270565084628158	1.1149006612314052	0.8037023315620849	0.42996879602606597	0.5374609950325824
c5	0.4312267657992565	0.4079521759972039	0.43929143830457573	0.9286595194563222	-0.597525641449309	0.5561160697786938	0.5561160697786938
c1	0.008899521531100478	0.01011770016941858	0.008452231567151393	1.1970448382815062	0.797091196825558	0.4316617185360724	0.5647386834729308
c2	0.05165071770334928	0.05889522593599257	0.04666504942662893	1.2620842934837784	0.7623718678485919	0.45179094677834464	0.5647386834729308
c3	0.14705741626794258	0.14327436428544182	0.14995990384769373	0.9554178190922151	-0.13327145955091058	0.894868668278523	0.894868668278523
c4	0.35392344497607653	0.3874551151132013	0.3031922505210224	1.2779189258543941	1.9176229517573682	0.06472346383910899	0.17271290716244214
c5	0.4384688995215311	0.40025759449594567	0.4917305646375036	0.8139774569250329	-1.8854607033564275	0.06908516286497686	0.17271290716244214
c1	0.008501768274117619	0.007794567371919326	0.009150639696112694	0.8518057349838126	-0.730512770834837	0.47074369649082193	0.9189909430025406
c2	0.04445277185750755	0.04745828978955791	0.044154216495109345	1.074830300630848	0.5757402272556376	0.5690848406521045	0.9189909430025406
c3	0.14668477879007893	0.1538905594022364	0.13863915686811512	1.110007900211263	0.5492083123281639	0.5869276366862943	0.9189909430025406
c4	0.33807995877930536	0.3435897148382272	0.3422051306349056	1.004046065004206	0.021780568419084358	0.9827672201971738	0.9827672201971738
c5	0.4622807222989906	0.4472668685980592	0.4658508563057572	0.9601074304015005	-0.3413859003338167	0.7351927544020325	0.9189909430025406
c1	0.008960573476702509	0.00978244898029806	0.008813883954910746	1.1098908302335508	0.7188721569362942	0.47778208815007595	0.5972276101875948
c2	0.05333547317177553	0.0551841915562015	0.056230719941123365	0.9813886717790979	-0.18749864169478017	0.8525320866510857	0.8525320866510857
c3	0.1678703257904028	0.18142503592066075	0.14838425147661433	1.2226704257038605	1.1150163007212255	0.2736962562142413	0.49139817145702075
c4	0.3343497565933772	0.36439402450942354	0.30701365848474554	1.186898414578285	1.0662003495245762	0.29483890287421244	0.49139817145702075
c5	0.43548387096774194	0.38921429903341614	0.47955748614260607	0.811611350631018	-1.5546470114108524	0.1305176271775656	0.49139817145702075
c1	0.011822293467681915	0.009498650519094903	0.015082336623969692	0.6297864021944131	-2.338374097190592	0.034763214798777746	0.08690803699694435
c2	0.04849144100303429	0.044858787679185004	0.05282511474375988	0.849194325403412	-1.0956696193673132	0.2917576143077664	0.364697017884708
c3	0.1585275090170035	0.12962289076253986	0.18673881037389486	0.6941400692389785	-2.9389833615548135	0.010800758616303094	0.05400379308151547
c4	0.3409572336405794	0.33673897062256286	0.34778140968675586	0.9682489093533239	-0.32347481968341624	0.7511282543390442	0.7511282543390442
c5	0.44020152287170095	0.4792807004166174	0.3975723285716197	1.2055182566114595	1.7593501233328341	0.10039466519729338	0.167324441995489
c1	0.012003645358677255	0.01137582038940165	0.012668814918079994	0.8979387940356538	-0.30750496641085445	0.7605837366999066	0.7605837366999066
c2	0.06579872412446296	0.07148285243026971	0.06231973820433884	1.1470339011355621	0.7274369117973429	0.4725976221471442	0.5907470276839302
c3	0.12063533394089311	0.11209501771984086	0.12982012460627762	0.8634641051208818	-0.942163869383538	0.3536344772085388	0.5893907953475647
c4	0.38148678557479493	0.34704922484405454	0.4099499146604099	0.8465649398452482	-1.3909679105710837	0.1744666672442899	0.43616666811072474
c5	0.42007551100117174	0.45799708461643324	0.38524140761089365	1.1888573646761906	1.6416112475516307	0.11111423402999755	0.43616666811072474
c1	0.010523640061006609	0.009553829382565042	0.01175743680002708	0.812577566442291	-1.0163531736977378	0.3175883429749069	0.44862495742898867
c2	0.061057447890188105	0.056476551950753934	0.0671432183706962	0.841135610136353	-0.9317580312881406	0.35889996594319096	0.44862495742898867
c3	0.18815455007625825	0.15762603038966602	0.20474497675162923	0.7698651898106297	-1.2752439523994257	0.212010432633221	0.44862495742898867
c4	0.3482714794102694	0.3872215935877946	0.2933366160997405	1.3200588413965042	2.005250088146979	0.054030936402199733	0.2701546820109986
c5	0.3919928825622776	0.3891219946892204	0.42301775197790703	0.9198715488175141	-0.6560736997264249	0.5167774512094093	0.5167774512094093
c1	0.009750781496458171	0.009967163463253086	0.009624626626675549	1.0355896233551714	0.34343517334702206	0.733666367723808	0.8196112265690236
c2	0.046803751182999224	0.04980695703361895	0.04648423095774154	1.0714807152321841	0.23005408079864012	0.8196112265690236	0.8196112265690236
c3	0.147810375978663	0.14241352049593298	0.15126710715854358	0.9414705098225279	-0.36157519046520087	0.720203751187536	0.8196112265690236
c4	0.3804812297456193	0.35869444378635107	0.39201669913209536	0.9149978676430925	-0.5700734367009888	0.572872841375708	0.8196112265690236
c5	0.4151538615962603	0.439117915220844	0.40060733612494404	1.0961304889431407	0.673356673614175	0.5058751960788153	0.8196112265690236
c1	0.010109447004608295	0.012336081546213698	0.008248731308067414	1.4955125928454935	1.6267194885200598	0.12944009456975802	0.2931486537148267
c2	0.047004608294930875	0.04896443308002039	0.04579176521480134	1.0692846814342405	0.32397437308592514	0.751467436833301	0.8696931553402996
c3	0.16350806451612904	0.15920755616205245	0.1613357348252919	0.9868090062902429	-0.16755142800637168	0.8696931553402996	0.8696931553402996
c4	0.35501152073732717	0.33665109365378953	0.39006318805237383	0.8630680975939399	-1.5696572236458337	0.1421636742793448	0.2931486537148267
c5	0.4243663594470046	0.4428408355579239	0.39456058059946564	1.1223646185969842	1.437295561999282	0.17588919222889599	0.2931486537148267
c1	0.010096426545660805	0.0091295557801136	0.011680561920909091	0.7816024470339054	-0.3107745033640035	0.7621404481009798	0.9500079981268568
c2	0.04746454906409529	0.048893206254140884	0.047676093295032904	1.0255287896929	-0.06423347291858555	0.9500079981268568	0.9500079981268568
c3	0.14237095859330687	0.16468587313837638	0.12294830550126895	1.3394724918488337	1.9417703214573248	0.07986069625927698	0.23633613033159223
c4	0.3466591038003403	0.31429055926909644	0.3794928411817545	0.8281857393946725	-1.8403433493199421	0.09453445213263689	0.23633613033159223
c5	0.4534089619965967	0.4630008055582727	0.43820219810103456	1.0565917002806098	0.5139167088333854	0.618102893900225	0.9500079981268568
c1	0.00934199837530463	0.009261420060910191	0.010609137610210932	0.8729663429001423	-0.07085471334620125	0.9446535019195936	0.9446535019195936
c2	0.05231519090170593	0.0508012744009233	0.05554570646653021	0.9145850801543819	-0.494958105026417	0.6293612160900106	0.9115840793131508
c3	0.13671811535337125	0.12901235018161536	0.14488527952378222	0.8904448444014534	-0.7911684140930432	0.4438488559662809	0.9115840793131508
c4	0.34993230435959927	0.33648623069869876	0.35257204836276745	0.9543757999570127	-0.35409793907359766	0.7292672634505206	0.9115840793131508
c5	0.45169239101001896	0.4744387246578524	0.43638782803670917	1.0871951373903634	0.8988962147716344	0.38598337530041715	0.9115840793131508
c1	0.010348404129932582	0.010249884271675194	0.011143026270227296	0.9198474474624132	-0.9297498375393339	0.35992207009845056	0.9665550868926205
c2	0.04594314270897176	0.043659201474684446	0.0492505965580047	0.88647051053006	-0.567969355960419	0.5742825212286302	0.9665550868926205
c3	0.13749941068313612	0.13898693627956546	0.14481025097350075	0.9597865851706802	-0.2461684602419218	0.8072283746604311	0.9665550868926205
c4	0.3571495921927302	0.35342558874454333	0.3545829635639988	0.996735954802164	-0.04228069826980396	0.9665550868926205	0.9665550868926205
c5	0.44905945028522937	0.4536783892295315	0.4402131626342684	1.030587969052734	0.2553670901259555	0.8001822927175932	0.9665550868926205
c1	0.012038167091978254	0.01080626829195569	0.012798748055625437	0.8443222919140132	-0.7044332037655763	0.491071645998409	0.6138395574980112
c2	0.04487961832908022	0.048310098080124535	0.04014741077490388	1.2033179013956024	0.9944336416737896	0.33449586277848087	0.5574931046308015
c3	0.14728725174747587	0.149772726636413	0.15209343599681233	0.9847415547870983	-0.111885859872404	0.9122754229053032	0.9122754229053032
c4	0.3422556307555753	0.3010764794176044	0.37331583077970043	0.8064926654430424	-1.8830997991281408	0.07759478223842775	0.3078381347872251
c5	0.45353933207589037	0.4900344275739024	0.421644574392958	1.162197873124314	1.6256416308745514	0.12313525391489004	0.3078381347872251
c1	0.008332981730728661	0.008988527326446318	0.009245988597297836	0.972154273375725	-0.3159086657402108	0.7542592596786056	0.8272270461075009
c2	0.05063077507278174	0.05182023422572413	0.05303457642348838	0.9771028208452619	-0.22017405229050757	0.8272270461075009	0.8272270461075009
c3	0.15828446057128392	0.16991994277965367	0.14500767318881685	1.171799664410849	0.7831826421037785	0.43965918936691784	0.7327653156115298
c4	0.3682123117168052	0.3156801399624063	0.3992131992337678	0.7907557680164604	-1.5841947337848306	0.12363575385393469	0.6181787692696734
c5	0.4145394709084005	0.45359115570576963	0.39349856255662913	1.152713628122828	1.009225244359663	0.320937772099657	0.7327653156115298
c1	0.011145833333333334	0.010673117611035024	0.012174117948119852	0.8767056189630035	-0.41986383547003325	0.6822780041825213	0.7592667578413452
c2	0.045703125	0.04333338548386891	0.04969393505802741	0.8720055160306522	-0.990631293365687	0.34213603530434555	0.5702267255072426
c3	0.16359375	0.19132368312590264	0.13961931636034325	1.3703238786251872	2.225612925558288	0.04676096364086556	0.23380481820432777
c4	0.283828125	0.2658290415301376	0.2994139546686623	0.887831169473412	-0.9968377621176766	0.3392396944548429	0.5702267255072426
c5	0.49572916666666667	0.48884077224905587	0.49909867596484725	0.9794471430004076	-0.31379040200372366	0.7592667578413452	0.7592667578413452
c1	0.009488426792109905	0.007865796691138353	0.0108598169684995	0.7243028785802058	-0.6402010316535441	0.5353264196123123	0.8665889459996292
c2	0.048030149142032394	0.045263873062848445	0.054552297360768456	0.8297335814018378	-1.1805279703170162	0.2630217183905225	0.8665889459996292
c3	0.12714491901427274	0.12254862001887183	0.13064936398482607	0.9379963000287159	-0.2738055375523248	0.789375916030423	0.8665889459996292
c4	0.3221521355642273	0.3365304185655972	0.3077276392280037	1.0935982851909272	0.6935553668999255	0.5025375648598931	0.8665889459996292
c5	0.49318436948735767	0.48779129166154417	0.49621088245790224	0.9830322326776612	-0.17201885392029115	0.8665889459996292	0.8665889459996292
c1	0.009474297930230299	0.010521622891783275	0.008609387179848783	1.2221105488681343	1.6193696351974793	0.13901287383055463	0.29451547403795014
c2	0.053687688271305024	0.04553044515636844	0.058560443425767356	0.7774948837961574	-1.1491629919823245	0.2794245267870703	0.3492806584838379
c3	0.14381498396657275	0.13975593562781147	0.14363394445730793	0.9730007496198149	-0.347388489517923	0.7360976106329258	0.7360976106329258
c4	0.35023321348751335	0.3847077917232399	0.33041508793134877	1.1643166603916455	1.4629767567988803	0.1767092844227701	0.29451547403795014
c5	0.4427898163443786	0.41948420460079694	0.4587811370057272	0.914344925640568	-1.5639107337632072	0.15147213471993068	0.29451547403795014
c1	0.008193123628383321	0.008981275445593039	0.00798777840217453	1.1243771413523498	0.2210874670559763	0.8265222299462271	0.9106711539262282
c2	0.05481589856132651	0.055926396174535764	0.05228301295936414	1.0696857929362902	0.5940145408591175	0.5569555612806456	0.9106711539262282
c3	0.16781272860277982	0.157164345700473	0.17551327724338217	0.8954555926987511	-0.6918612305343241	0.4943447187005904	0.9106711539262282
c4	0.3312850524262375	0.3378535087280141	0.3303361702218095	1.0227566315282914	0.11314272152628382	0.9106711539262282	0.9106711539262282
c5	0.43789319678127286	0.4400744739513841	0.4338797611732696	1.0142774872959346	0.14775712431003504	0.8835230717577769	0.9106711539262282
c1	0.010799359272464218	0.011170877097034727	0.010030407292171879	1.113701245786192	0.6803523772658697	0.5014986510844273	0.8949090493415971
c2	0.04934635457035085	0.05258875827436411	0.04717782718921852	1.1146922486159374	0.5238073035920846	0.6042610859295285	0.8949090493415971
c3	0.15411047382834703	0.14469752290893287	0.16921865542384015	0.8550920260328894	-0.7491308761791917	0.4596123662392638	0.8949090493415971
c4	0.2998501524311476	0.3121034316273451	0.3008308692383823	1.0374714284391815	0.3231696015261373	0.7488086975218404	0.8949090493415971
c5	0.4858936598976903	0.4794394100923232	0.4727422408563871	1.0141666402050384	0.1332199558077796	0.8949090493415971	0.8949090493415971
c1	0.011370222160894164	0.013527470235776613	0.009351547482478847	1.4465488477839434	1.3505910600283926	0.186927016954575	0.31154502825762503
c2	0.05058644956533738	0.05575464382597434	0.04667743153282015	1.1944668332226411	0.7117761097258408	0.4821021539897997	0.6026276924872496
c3	0.14877880502276805	0.14204455165616736	0.1560950397033045	0.9099876070767949	-0.41346299864155484	0.6822081840591171	0.6822081840591171
c4	0.3685663032979164	0.4401070828278492	0.3169123349561547	1.3887344678102815	2.4412483316067473	0.020751145000814347	0.05479483707956858
c5	0.42069821995308404	0.3485662514542325	0.4709636463252418	0.7401128604595455	-2.4173967217645416	0.021917934831827433	0.05479483707956858
c1	0.010010815007903275	0.010210932854481353	0.009391910195292615	1.0872051203810749	0.38368415374796166	0.70391838282793	0.7611751675672492
c2	0.0425667618757106	0.036880140816709914	0.04627728979164725	0.7969382170553673	-0.9797721342198918	0.33503422482500833	0.6329543666828343
c3	0.13923629405729182	0.14195277800732972	0.14178887653000816	1.0011559544114652	-0.3067202498598928	0.7611751675672492	0.7611751675672492
c4	0.38043870108982003	0.3581969958294783	0.4124421107195053	0.86847823372013	-0.8914681264604573	0.3797726200097006	0.6329543666828343
c5	0.4277474279692743	0.4527591524920007	0.39009981276354666	1.1606238651707175	1.056988013013461	0.29895463764632957	0.6329543666828343
c1	0.011397481297342932	0.012451124188298076	0.010084469890739385	1.2346830644744151	0.9247516596266415	0.3756961139600937	0.46962014245011713
c2	0.056659083980206845	0.05032728128165424	0.06209675043766581	0.8104656190048778	-0.7333516894434013	0.47927121743930945	0.47927121743930945
c3	0.1384113881006543	0.15035977263606015	0.1230486547139547	1.2219538115682311	1.7422120700072223	0.1104054751312724	0.28649593211210644
c4	0.33617879505640114	0.30993864259102766	0.375043963917036	0.8264061614376218	-1.719422534662936	0.11459837284484259	0.28649593211210644
c5	0.4573532515653948	0.4769231793029598	0.4297261610406041	1.1098304514392738	1.1211034065545633	0.2870339352290296	0.46962014245011713
c1	0.007692121035645823	0.007686435618833885	0.008409959422597726	0.9139682170380373	-0.32841457399438695	0.7448796252397196	0.7448796252397196
c2	0.05083594186018296	0.05968500583436296	0.04201685745142937	1.4205014238239404	1.5420662438753228	0.13354107852918468	0.31508722454737226
c3	0.15913227051030066	0.17881630054764455	0.1359779812002859	1.315038647943014	1.343914755680575	0.18905233472842334	0.31508722454737226
c4	0.32918395573997233	0.35848256183520943	0.3092802641322622	1.1590864449142675	1.06993887787269	0.2931800940835161	0.3664751176043951
c5	0.4531557108538982	0.3953296961639492	0.5043149377934248	0.7838944804880683	-1.9124580913473592	0.06540740113498186	0.31508722454737226
c1	0.01345972935813011	0.014686549529392525	0.013038276303257271	1.1264180316322547	0.35380267254168024	0.7259612682186303	0.8771798852387154
c2	0.051113201630605204	0.04934390076537973	0.05880698914768079	0.8390822499254875	-0.5876349610591617	0.5611748408244919	0.8771798852387154
c3	0.17367392720167885	0.14064431934384589	0.19972848784297062	0.7041775605612277	-1.7322024486516936	0.09350908625481913	0.46754543127409565
c4	0.28067636346093544	0.27724181736272335	0.2749219609690712	1.0084382360196869	0.1558696589767197	0.8771798852387154	0.8771798852387154
c5	0.4810767783486504	0.5180834129986585	0.4535042857370201	1.1424002579307195	0.9637543243353447	0.3428739128410374	0.8571847821025935
c1	0.010278597509128195	0.012631263108844987	0.0073332690081170954	1.7224600781539057	3.069963017842603	0.0045165902690864936	0.022582951345432468
c2	0.05301855649477317	0.06325241663397707	0.046043819217581966	1.3737439184850233	1.3153331493570148	0.19836294030750812	0.4959073507687703
c3	0.14305006752363328	0.14878407957804662	0.1456249984356986	1.0216932612963627	0.34784616083790343	0.7303846321135753	0.9113358439987544
c4	0.3020057019956985	0.2884449370436325	0.3192248594266959	0.9035791810251186	-0.8022088919367432	0.4287414518576481	0.7145690864294135
c5	0.49164707647676686	0.48688730363549887	0.4817730539119065	1.0106154748217353	0.11229715460398357	0.9113358439987544	0.9113358439987544
c1	0.008260882123566621	0.0073487744497444645	0.009708341264592314	0.7569546897312395	-0.9088697703474902	0.3706629460488492	0.9902708092920037
c2	0.04468386239565582	0.05164520424676125	0.040869002249317776	1.2636766596772828	0.4993795134556136	0.6211547814476287	0.9902708092920037
c3	0.15944080182548165	0.1599949161811074	0.1588344372994832	1.0073062170984752	-0.012296072484524988	0.9902708092920037	0.9902708092920037
c4	0.33083966378787444	0.3317133814421603	0.33664280577095346	0.9853571077584617	-0.0706065268576707	0.9441794989018042	0.9902708092920037
c5	0.4567747898674215	0.4492977236802266	0.4539454134156532	0.9897615669239708	-0.06110540857206401	0.9516805403285404	0.9902708092920037
c1	0.009911708807467463	0.007583512838627818	0.013171244301591256	0.5757628258183345	-1.9189011339925042	0.06455516514967459	0.32277582574837294
c2	0.04845189693747444	0.04916994734695235	0.04935228949755164	0.9963052950034194	-0.08904298886703454	0.9296395375411473	0.9296395375411473
c3	0.1430461664301008	0.13576605830215183	0.15593898059918015	0.8706357947222954	-0.25358981278317017	0.8015423630838474	0.9296395375411473
c4	0.362354752568143	0.37375964311197507	0.3282693071422722	1.1385762694834805	0.7080626143463327	0.4843717928065102	0.9296395375411473
c5	0.4362354752568143	0.43372083840029296	0.4532681784594047	0.9568746693722237	-0.28321972281652086	0.7789536620415979	0.9296395375411473
c1	0.010213014298220018	0.010672217298835714	0.010087910568175273	1.057921482026593	0.12807831408956488	0.8989417310499126	0.9850437913859245
c2	0.05348701488182084	0.05349745008547846	0.054877263332387946	0.974856376518777	-0.018902821308188978	0.9850437913859245	0.9850437913859245
c3	0.15981908374671724	0.2050473712261558	0.12831779698183624	1.5979651774662316	1.86561869157286	0.07190071099912257	0.3595035549956128
c4	0.28386343740881237	0.2581703195780485	0.3051858252891463	0.8459446612025533	-0.8059162372426424	0.4266335194138795	0.9850437913859245
c5	0.49261744966442955	0.4726126418114815	0.5015312038284543	0.942339456057326	-0.4437732022631942	0.6603909400535553	0.9850437913859245
c1	0.011434865850140313	0.011673929535737936	0.011064425156143524	1.0550868545806	0.257846947431493	0.798285633790779	0.798285633790779
c2	0.04149072884156416	0.039324796074297244	0.04384056624603124	0.896995623952672	-0.7188455979151136	0.4777982156854099	0.5972477696067624
c3	0.13929030396810826	0.13299949748865816	0.15684558254085967	0.8479645733982377	-0.9771660584710065	0.33630140476751624	0.5972477696067624
c4	0.3330273545070681	0.31153017806840533	0.3458329677512883	0.9008111057024719	-0.8142926269379599	0.421894282813736	0.5972477696067624
c5	0.47475674683311914	0.5044715988329014	0.4424164583056772	1.1402640868399807	1.1144625581744116	0.27392982691390366	0.5972477696067624
c1	0.012614462062072878	0.012686373758090303	0.012204998062139165	1.0394408662336787	0.031839935349774695	0.9748105916159311	0.9748105916159311
c2	0.04451527511412442	0.03930150688498295	0.0509742696821253	0.7710067673370603	-1.438033675416069	0.1607751404321382	0.267958567386897
c3	0.15926095999567813	0.18343550258328864	0.12817914734759706	1.43108693090185	2.2704968962233787	0.03052199001890266	0.15260995009451328
c4	0.355690013775965	0.3263084363390987	0.3933966273138734	0.8294642446915333	-1.6072614904212255	0.11847257741541067	0.267958567386897
c5	0.4279192890521596	0.43826818043453947	0.41524495759426505	1.0554449185214918	0.5002258975721134	0.6205658441291755	0.7757073051614694
c1	0.011439267886855242	0.01219258953687951	0.009652322272094681	1.2631767975805015	0.5687115894237329	0.5750437657454319	0.7703679501230866
c2	0.04645036051026068	0.04740469777154206	0.0497349165884402	0.9531472257975043	-0.03554546070536046	0.971950392188824	0.971950392188824
c3	0.13967461638010722	0.13564846355732701	0.15003776928239088	0.9040954434747608	-0.7142943338972941	0.4822064079837417	0.7703679501230866
c4	0.3117720465890183	0.30144404622140486	0.32600056275595457	0.9246733921961576	-0.5079697711933878	0.6162943600984693	0.7703679501230866
c5	0.4906637086337586	0.5033102029128464	0.4645744291011196	1.0833790484049555	0.636812106552613	0.5305123950125382	0.7703679501230866
c1	0.011057878435927216	0.0135178830773699	0.009060677168624888	1.491928564034852	1.7023415916199711	0.09903333912104784	0.4951666956052392
c2	0.0428281068524971	0.045153119071997615	0.043464192860522236	1.0388578758817675	0.35339314289024476	0.7262650837777547	0.9078313547221933
c3	0.1299845141308556	0.14527433743884072	0.11441316779717729	1.2697344216215714	1.1957909788303223	0.24114464834159463	0.6028616208539865
c4	0.3514808362369338	0.3477691419292663	0.35038716174226114	0.9925282085109026	0.033083934361881985	0.973826795352944	0.973826795352944
c5	0.4646486643437863	0.4482855184825255	0.48267480043141453	0.9287526883148822	-0.6037900434947816	0.5505219696299535	0.9078313547221933
c1	0.011823634370230238	0.010147455988312912	0.013908308084594966	0.7295967220881723	-1.220259401146248	0.2318721445090771	0.5796803612726927
c2	0.04684308962314852	0.046555562918401794	0.05075630497879658	0.917237039572726	0.08280242513347917	0.934558668010058	0.934558668010058
c3	0.1587806608336737	0.19058386617721168	0.13733453146318816	1.3877344914399532	1.6909371040043026	0.10121419856544925	0.5060709928272462
c4	0.34017670959004237	0.3208531443261705	0.35019931614371946	0.9162015159232765	-0.5609359708062626	0.5790071928319034	0.934558668010058
c5	0.4423759055829052	0.4318599705899031	0.44780153932970085	0.9644003708346779	-0.22770278461999055	0.8214220853884618	0.934558668010058
c1	0.010437539911479093	0.01206322287473008	0.008139917493497063	1.481983433415305	2.0947523009902755	0.04474045349637111	0.22370226748185554
c2	0.052716182590888075	0.05086358478556294	0.05167297330529937	0.9843363277171157	-0.09926911450913685	0.9215849772999365	0.9215849772999365
c3	0.18849228194569836	0.1809255423887015	0.19074050252890723	0.9485428631566164	-0.38780629292564206	0.7008974706040494	0.8761218382550617
c4	0.34613436681126547	0.3743435156949019	0.30386167015572496	1.2319537225707209	1.572661551158973	0.12628569252911975	0.30355214551733073
c5	0.40221962874066897	0.3818041342561037	0.44558493651657144	0.8568605061942086	-1.3658753933720815	0.18213128731039843	0.30355214551733073
c1	0.00873032419472532	0.00996591705764384	0.007922174738220385	1.2579774351054718	0.3941061997916549	0.6979174483852689	0.7283124942812026
c2	0.05097466902950068	0.0439555203383106	0.05753251244624901	0.764011833819651	-1.5314052110117824	0.14224961731466562	0.711248086573328
c3	0.1457573230480559	0.1361127515182487	0.16028248846020066	0.8492053799878863	-1.0969998369479577	0.28643312645005187	0.7160828161251296
c4	0.3589075367455436	0.35968282272162955	0.34024584461562046	1.0571262762311389	0.4751352566997754	0.6401395435835702	0.7283124942812026
c5	0.4356301469821745	0.4502829883641673	0.43401697973970943	1.0374778162693379	0.35257362008299387	0.7283124942812026	0.7283124942812026
c1	0.009941790098553397	0.008867970402199497	0.012258653036017465	0.7234049594310471	-1.2567980054093404	0.2185245850937721	0.9716493038325038
c2	0.06679730274912109	0.06806866139876284	0.06316577028630196	1.0776194304326265	0.09237256621544153	0.9270161373570726	0.9716493038325038
c3	0.15010662209670914	0.16497963287435818	0.1372405365956229	1.2021202843331056	0.6765721778461167	0.5038609424336925	0.9716493038325038
c4	0.30260503717364995	0.2848902971782893	0.31291885427951116	0.9104286727440664	-0.5193071357073079	0.6073569889992105	0.9716493038325038
c5	0.47054924788196645	0.47319343814639026	0.47441618580254646	0.9974226266035006	-0.03583753824813129	0.9716493038325038	0.9716493038325038
c1	0.009724907063197025	0.010533793894255983	0.009858246679850871	1.0685261016835634	0.04945818260464702	0.9608819820369404	0.9608819820369404
c2	0.04692936802973978	0.050535773042269874	0.045023702214510616	1.1224259791320044	0.6073090102857629	0.5482154589452302	0.9136924315753836
c3	0.1250557620817844	0.15051282070195432	0.11417312853979779	1.3182858578626884	1.3542223795686867	0.18577884088657623	0.9136924315753836
c4	0.3718364312267658	0.3436568763707672	0.3816501115387454	0.9004500876082644	-0.7364835318365685	0.46715698034276854	0.9136924315753836
c5	0.44645353159851303	0.44476073599075266	0.4492948110270953	0.9899084633851487	-0.07376585373713757	0.9416863578468	0.9608819820369404
c1	0.010149030500507451	0.008449479641671701	0.012514056621978855	0.6751990898644008	-1.334293632913593	0.19214795342023605	0.815568007076268
c2	0.05026440895251322	0.05435606292024869	0.04646901994304484	1.169726905944448	0.45490239702117774	0.6524544056610144	0.815568007076268
c3	0.14125847978206293	0.15117555200182065	0.12990513770798265	1.1637380527754981	0.6638886172166049	0.5118319374791023	0.815568007076268
c4	0.3082100315154105	0.30051830354196996	0.32612592991029155	0.9214793304679405	-0.506055832808223	0.6165161720366958	0.815568007076268
c5	0.4901180492495059	0.485500601894289	0.4849858558167021	1.001061363071548	0.01369709817969586	0.989162324414242	0.989162324414242
c1	0.01255596651742262	0.011137715159956093	0.014577640415887473	0.7640272940068976	-1.4493509983279618	0.15761341962734815	0.7880670981367407
c2	0.04963986762701966	0.04813795480052952	0.05460177428018121	0.881618874755177	-0.8456846059922245	0.4044236459232897	0.9876465640071368
c3	0.16733988709363443	0.16850480966318004	0.16877886268333203	0.9983762598242756	-0.13138635207462157	0.8963468560545895	0.9876465640071368
c4	0.3080835117773019	0.30119825589760707	0.2902460363020149	1.0377342606814992	0.15245477963814658	0.8798489931277877	0.9876465640071368
c5	0.4623807669846214	0.4710212644787272	0.4717956863185844	0.9983585652384827	-0.015612929232336283	0.9876465640071368	0.9876465640071368
c1	0.008813403718154693	0.008482499945617498	0.009386943210018485	0.9036487976793454	-0.28760845570569904	0.7756239514081922	0.8938678793685193
c2	0.05099839338994721	0.056295038422394666	0.045704862308243124	1.2317078660631156	0.9397409835344246	0.354855885308195	0.8938678793685193
c3	0.12334174890980032	0.12702419512139404	0.1284529076405273	0.9888775385051503	0.13454802575227148	0.8938678793685193	0.8938678793685193
c4	0.34372274500803307	0.35182603943775237	0.33616883686173404	1.046575413480275	0.2794340782807448	0.7818292432235046	0.8938678793685193
c5	0.47312370897406475	0.4563722270728414	0.480286449979477	0.9502084164405273	-0.3922428795960027	0.6976516599061569	0.8938678793685193
c1	0.011009020113171607	0.013407421149201645	0.00761955547025346	1.7596067384172027	3.3338087893597272	0.0022882507087646567	0.011441253543823283
c2	0.04498851476273181	0.04398050791877585	0.045236198247823496	0.9722414708201508	-0.20781879301419026	0.8367748389537413	0.8367748389537413
c3	0.16547145498347246	0.1779883842968394	0.15280484674477915	1.164808499786154	1.2751856766726433	0.21203077801479508	0.3533846300246585
c4	0.38030141744635554	0.3977882856293755	0.35705211896856576	1.1140902532058523	1.0596754273949303	0.297749857456594	0.3721873218207425
c5	0.3982295926942686	0.3668354010058075	0.43728728056857813	0.8388887976088252	-1.7188601713321798	0.09594448864344299	0.23986122160860746
c1	0.009286461186077778	0.009105927804246215	0.009467218755785243	0.9618376884638637	-0.19980413953706289	0.843997115494767	0.8706190701070081
c2	0.05263157894736842	0.05986663038806579	0.044049596296748414	1.3590733042083507	1.467294271164653	0.1604979316448873	0.8024896582244364
c3	0.1609321316536374	0.1543953053274702	0.1664238626952184	0.9277233614642344	-0.34604371500403097	0.7335426635957627	0.8706190701070081
c4	0.29806303839067866	0.2934720711557323	0.30374235695187296	0.9661875087188847	-0.3172311101270003	0.75491949250237	0.8706190701070081
c5	0.47908678982223774	0.48316006532448547	0.47631696530037504	1.014366693866961	0.1653421447830086	0.8706190701070081	0.8706190701070081
c1	0.008079775961247352	0.007914062652906785	0.008600697808484305	0.9201651806786915	-0.2761623466646741	0.78431698380145	0.9980264063276278
c2	0.04092870118074478	0.03901476528010185	0.04021116882424626	0.9702469841308614	0.2805099933997588	0.7810116557476376	0.9980264063276278
c3	0.09714653345443536	0.10487234793642901	0.09466923497550914	1.1077764382859903	0.6206362586244033	0.539525808900623	0.9980264063276278
c4	0.3644603390856797	0.35889526769176483	0.36738775135628665	0.9768841404397123	-0.20621689666396867	0.8380146242666955	0.9980264063276278
c5	0.4893846503178928	0.4893035564387975	0.4891311470354736	1.0003524809335265	0.002494230578663752	0.9980264063276278	0.9980264063276278
c1	0.00962559104506417	0.008038021065642734	0.012034597719788032	0.6679094102519206	-1.5857185350923513	0.12328906953241547	0.3082226738310387
c2	0.048706938145324716	0.055651694476470705	0.04378685278679823	1.2709681316317334	1.0934913034990412	0.2828810854137528	0.471468475689588
c3	0.13900414937759337	0.116798442288984	0.17665649154686758	0.6611613378385078	-1.9262208156901284	0.06359866930458155	0.3082226738310387
c4	0.3519733667856798	0.35822282607494865	0.3300788063904197	1.085264546343639	0.5088879384605121	0.6145532995579064	0.6688433578553291
c5	0.45068995464633793	0.4612890160939539	0.43744325155612646	1.0545116754070392	0.4319822883918256	0.6688433578553291	0.6688433578553291
c1	0.01260946763369346	0.01067501887560096	0.015340210858253567	0.6958847550558556	-1.7155465976168023	0.11023901667267356	0.2755975416816839
c2	0.049595233079538954	0.041694561371790693	0.0611278113580284	0.6820882417592825	-1.7490540536616026	0.10410897643336638	0.2755975416816839
c3	0.14297751963646213	0.14908574081595172	0.1364404289714534	1.0926800944545845	0.008596164648467852	0.9932733544608666	0.9932733544608666
c4	0.3374462066267417	0.3394337049525371	0.33504188847815264	1.0131082608635393	0.10687255199506682	0.9165405222305602	0.9932733544608666
c5	0.45737157302356374	0.4591109739841195	0.452049660334112	1.015620659121364	0.13843587583646053	0.8920417490092154	0.9932733544608666
c1	0.009578153658039535	0.007606629524765277	0.012445314626418128	0.6112042767177942	-2.630344349934322	0.013331766818626379	0.03686049506967156
c2	0.05455762904305802	0.056060257383664935	0.05376887712500893	1.0426153637787283	0.3491010005886425	0.7294519860505173	0.7294519860505173
c3	0.15260997408949314	0.16567175246649157	0.13359007769333028	1.240150131859404	1.2949661286638274	0.20520978387848415	0.2565122298481052
c4	0.342193368074762	0.38083124934037604	0.28891600664486805	1.318138284420112	2.2974098204530664	0.028747180518365903	0.04791196753060984
c5	0.4410608751346473	0.38983011128470213	0.5112797239103746	0.7624595560003822	-2.5878698828345637	0.014744198027868624	0.03686049506967156
c1	0.009335238797713443	0.009078738134612033	0.010494837809811846	0.8650670262025516	-0.7288661920506465	0.47173562100970157	0.9913889361896084
c2	0.05515858380969943	0.04768266216705477	0.0668308075786347	0.7134832556220457	-1.994136973426158	0.05529527153655859	0.27647635768279294
c3	0.15100036879955744	0.1493902921081284	0.15280946458774156	0.9776246027113726	-0.010882885396654293	0.9913889361896084	0.9913889361896084
c4	0.33141250230499725	0.3360358495909308	0.3308756697421039	1.0155955252099647	0.03173916772378388	0.9748902838280553	0.9913889361896084
c5	0.45309330628803246	0.45781245799927395	0.438989220281708	1.0428785875550353	0.31539646335108457	0.7546442441891221	0.9913889361896084
c1	0.009720620425071198	0.009689443640698018	0.010008758232767137	0.9680964826362043	-0.3438691394373186	0.7364612467414962	0.9116959240377933
c2	0.052510179584343446	0.055554868927904746	0.04811074676751392	1.154728884096585	0.8952737240691541	0.3869713579487968	0.6520789948401972
c3	0.1443971097041448	0.1296442029860111	0.16004473011073453	0.8100498085523379	-1.3229461495221833	0.20872794630846023	0.6520789948401972
c4	0.3695718690422953	0.3852538441563627	0.358136786159711	1.0757170417689481	0.88699897909135	0.39124739690411825	0.6520789948401972
c5	0.4238002212441453	0.4198576402890234	0.4236989787292734	0.9909338029282707	-0.11308586514274138	0.9116959240377933	0.9116959240377933
c1	0.01114403977564966	0.010902376185323935	0.011689182157766872	0.932689390769726	-0.4540349467272459	0.6530715404514045	0.6530715404514045
c2	0.0517524308702148	0.06223777482381302	0.04344228615441192	1.4326542254842238	1.4116297592343916	0.1683472975997942	0.43967250985362655
c3	0.1429621102647628	0.11964421810807847	0.16902578245812944	0.7078459650835598	-1.3863133306298878	0.17586900394145064	0.43967250985362655
c4	0.33199441573391464	0.3723759543395998	0.31026541944975405	1.2001851672674215	0.9823709621919857	0.3337737911732296	0.5562896519553827
c5	0.4621470033554581	0.4348396765431848	0.4655773297799377	0.9339794889684994	-0.5095674206955096	0.6140827951358081	0.6530715404514045
c1	0.011000693321007627	0.012906369767358879	0.009047035482984842	1.4265855142971924	1.8622373972895698	0.0807685562380653	0.1346142603967755
c2	0.05525768430783453	0.04981193808668474	0.05734133068843431	0.8686917008839448	-0.9253031947213477	0.36835822676928687	0.36835822676928687
c3	0.12366535706031893	0.1315689851666297	0.11558128312507804	1.1383243169592634	1.012583638315649	0.32611263298012483	0.36835822676928687
c4	0.35176796856944764	0.3271802969883088	0.4222929410207612	0.7747709355440625	-2.464677580612618	0.0252289161394523	0.1261445806972615
c5	0.4583082967413913	0.47853240999101787	0.3957374096827417	1.2092170168462264	2.0627059623448596	0.055515827402958684	0.1346142603967755
c1	0.011192734072392147	0.01087941567076429	0.01287376136603842	0.8450844598894534	-0.40419872772189896	0.6889337874458414	0.8295289949710594
c2	0.048564177908374515	0.05288188589131568	0.048662768357619055	1.0867011408535296	0.21719213012048572	0.8295289949710594	0.8295289949710594
c3	0.14000267129691465	0.13331746422006419	0.14628651562667858	0.9113448607955686	-0.5613392545133306	0.5787357695974775	0.8295289949710594
c4	0.2719647388807266	0.3258657472125347	0.22301445973097414	1.4611866316006221	2.28241690437504	0.02972405183905278	0.1486202591952639
c5	0.5282756778415921	0.4770554870053212	0.5691624949186898	0.838170981511129	-1.5958318030797385	0.12100833200788626	0.30252083001971564
c1	0.010460873090958238	0.008538789169889054	0.013352720326969107	0.6394793690573198	-2.8877042345638686	0.0071341149952557	0.0356705749762785
c2	0.04803351804297878	0.05269753877279434	0.04349505199250513	1.211575486376587	1.0729530941376966	0.2918474668461779	0.7296186671154448
c3	0.15710231112312475	0.15143447283469252	0.15999222447138498	0.9465114528848679	-0.3905665595591093	0.6988773781373756	0.7514437824805026
c4	0.3489390458170023	0.347901957457348	0.3291004830969666	1.0571298898848522	0.5397894423092832	0.5933267571553826	0.7514437824805026
c5	0.43546425192593596	0.4394272417652761	0.4540595201121742	0.9677745368200116	-0.319657121321615	0.7514437824805026	0.7514437824805026
c1	0.009248385202583675	0.008894434352163336	0.011845923291194247	0.7508434871239693	-0.6093446467156163	0.5468834924090429	0.907693291513652
c2	0.05320023487962419	0.07267081845030984	0.042656014500723156	1.7036476403363432	2.0211289564768293	0.05226840106813508	0.26134200534067537
c3	0.1512037580739871	0.13868482308194885	0.15537173213219008	0.8926000964188001	-0.59486143102506	0.5563966743761727	0.907693291513652
c4	0.3477099236641221	0.34058475793568005	0.35834704834836006	0.9504327146140945	-0.2645029072918351	0.7932011946331137	0.907693291513652
c5	0.4386376981796829	0.4391651661798979	0.43177928172753244	1.0171056944252046	0.11693196100170714	0.907693291513652	0.907693291513652
c1	0.010900792052624514	0.012601751808452064	0.010638780812522836	1.1845108974910572	0.8825890738444533	0.384476027604011	0.8875682745016064
c2	0.04349577124446234	0.04910480325558517	0.04184325743313644	1.173541599481167	0.37533155430501924	0.7100546196012851	0.8875682745016064
c3	0.14877164720096658	0.1516240808216916	0.1500911817868508	1.0102131185629393	0.07752297036047275	0.9387222623242482	0.9387222623242482
c4	0.3323130621559941	0.34482322501635954	0.317707925060143	1.0853466275702235	0.5918774166282641	0.5583671866993258	0.8875682745016064
c5	0.46451872734595245	0.44184613909791165	0.4797188549073469	0.921052267547937	-0.6616535067555954	0.5132437284199987	0.8875682745016064
c1	0.011361859592432376	0.010269619788252377	0.012589233960907411	0.8157462018850398	-1.1618192783468704	0.2544691874634766	0.9837620878480027
c2	0.057617136602908216	0.05873863716744483	0.06375828290337965	0.9212706881780103	-0.27262451141225036	0.7870096702784022	0.9837620878480027
c3	0.16581539584093397	0.18373823464405237	0.16436552997432718	1.1178635488399002	0.815536021641159	0.42119356230526583	0.9837620878480027
c4	0.3843748371293063	0.38367452355325204	0.38356936729600666	1.0002741518645941	0.01995965483987768	0.9842077198229117	0.9842077198229117
c5	0.38083077083441913	0.36357898484699835	0.37571758586537907	0.9676922202339231	-0.31132511857509876	0.7577066424400465	0.9837620878480027
c1	0.011276114928746023	0.010925157678750382	0.011433649149200625	0.9555267558226769	-0.7910771351622244	0.4351089074014717	0.6816234774614667
c2	0.040884563944103676	0.048263950169310024	0.03269978516936138	1.4759714756331717	2.008376408137428	0.0536798540700684	0.268399270350342
c3	0.14336115851127612	0.13828569652057432	0.14895474991354302	0.9283738625377084	-0.4142701241565693	0.6816234774614667	0.6816234774614667
c4	0.39134344878476224	0.37669875275277864	0.40500583651842953	0.9301069732500934	-0.5316719482068315	0.5988685280751505	0.6816234774614667
c5	0.41313471383111194	0.4258264428785866	0.4019059792494655	1.0595175609822751	0.4411894817756111	0.6622392610821379	0.6816234774614667
c1	0.01077500199537074	0.012958674531870589	0.010601264353940498	1.2223706625194986	0.5700698206212387	0.5787427267426126	0.8380280769134697
c2	0.05302365179450342	0.062201113740190175	0.049536370173014516	1.2556655548830447	0.9621236216088364	0.3542485585926648	0.8380280769134697
c3	0.1330513209354298	0.13002009298152112	0.15399793353624025	0.8442976473507261	-1.132220414453747	0.27881461764172766	0.8380280769134697
c4	0.3358341979939873	0.33428572398152734	0.31658066723337014	1.0559258937157578	0.37731584007396896	0.7122733559979646	0.8380280769134697
c5	0.46731582728070875	0.4605343947648908	0.4692837647034346	0.9813559074559652	-0.20872606898699772	0.8380280769134697	0.8380280769134697
c1	0.009534492428491307	0.008561932797384063	0.010308909834383758	0.8305371697817236	-0.32482587710570543	0.7475672152658404	0.9344590190823004
c2	0.046818990953205394	0.043333676299792664	0.056738966416246636	0.7637374988802139	-0.9424353245537778	0.35349780726085456	0.9344590190823004
c3	0.142456533931576	0.14184291769988755	0.1583607186728734	0.8956950870682345	-0.48032282595367387	0.6344818921249589	0.9344590190823004
c4	0.37489331610134363	0.364603700723661	0.36906867670209714	0.9879020457158976	-0.03958809567896025	0.9686838030607954	0.9686838030607954
c5	0.4262966665853837	0.44165777247927474	0.40552272837439907	1.0891073214311033	0.593770791970463	0.5571164713457322	0.9344590190823004
c1	0.009306413670087636	0.008235600573181793	0.010426715649577237	0.7898556793879494	-1.1430915826997068	0.2620409769812124	0.5522996206835101
c2	0.04014683452679472	0.03934975274445626	0.042868513990794894	0.9179173496171523	-0.33156877420135017	0.7425201219030179	0.9281501523787723
c3	0.15404699738903394	0.13354946032964496	0.17288055344070394	0.7724955622348288	-1.5751580820790567	0.1257081661584551	0.5522996206835101
c4	0.3489388103301192	0.37412646648512	0.32695906658895213	1.1442608715159626	0.9873254535317739	0.3313797724101061	0.5522996206835101
c5	0.4475609440839645	0.44473871986759705	0.44686515032997176	0.99524144932581	0.004001989488857678	0.9968333770436886	0.9968333770436886
c1	0.008760919771061351	0.009862854867679814	0.007825295818404663	1.2603810892979823	0.7677908160041759	0.4595977791813872	0.9614924728869013
c2	0.06546842052414902	0.059907482984280586	0.06915846634087222	0.8662349840004424	-0.7624990938320271	0.46261525469086684	0.9614924728869013
c3	0.15009037051912844	0.1536648418588841	0.15205603169947415	1.010580377124333	0.19885370341858827	0.8461904779122545	0.9614924728869013
c4	0.3351491113565619	0.3381319169279164	0.32934403568262305	1.026682982817888	0.20604705963510317	0.8407105933568977	0.9614924728869013
c5	0.4405311778290993	0.43843290336123913	0.44161617045862595	0.9927917786749499	-0.049450036775468095	0.9614924728869013	0.9614924728869013
c1	0.008589623340079972	0.008326879432213219	0.009032853636628618	0.9218437237206365	-0.5604191835011164	0.5793550995204646	0.7241938744005807
c2	0.04588537295749617	0.04980072524216842	0.04085409904443409	1.2189896829692344	1.4191732521740874	0.1661557905645118	0.7241938744005807
c3	0.17423606654489807	0.16167079502231335	0.18478322191823188	0.8749213989452681	-0.9923490700589809	0.3289642897114795	0.7241938744005807
c4	0.33198400552895296	0.34209916367345905	0.31912276713223336	1.0719986127837287	0.614387835822879	0.5435908775961185	0.7241938744005807
c5	0.4393049316285728	0.43810243662984594	0.44620705826847207	0.9818366350588973	-0.17513780461760348	0.8621480725266834	0.8621480725266834
c1	0.01012343005630143	0.009858379060418046	0.011568801932664045	0.8521521172026734	-1.093549540993124	0.28285594244317014	0.4581263691670821
c2	0.041603508012126464	0.03469301606089019	0.04862331333554938	0.7135057996042713	-1.6475485860274464	0.10988156072102552	0.27470390180256377
c3	0.15450411433521005	0.18252699241913245	0.12507947178739456	1.4592881614449498	2.0467533632109114	0.049530544351815205	0.24765272175907602
c4	0.3162624512776094	0.3214663716452044	0.30651006762523425	1.0487954739491854	0.30027821994668635	0.7660359565720344	0.7660359565720344
c5	0.4775064963187527	0.4514552408143549	0.5082183453191578	0.888309611355812	-0.9169126405210671	0.3665010953336657	0.4581263691670821
c1	0.00808225944052804	0.007327651818525968	0.008140257218569103	0.9001744811958196	-0.5966587042811395	0.564077694148233	0.7365838824513429
c2	0.05284899645278614	0.051856517170573255	0.05427419373727019	0.9554543992233142	-0.3459601796607026	0.7365838824513429	0.7365838824513429
c3	0.12390552736742849	0.10726516274125553	0.14249712009624194	0.7527531971790664	-2.173377123773502	0.05501750246293915	0.27508751231469575
c4	0.33644649993264786	0.3422792820911231	0.32388600200780415	1.0567893640641985	0.4990149252631675	0.6286279303070448	0.7365838824513429
c5	0.4787167168066095	0.4912713861785222	0.4712024269401146	1.0425909504938908	0.5132252310328574	0.6190075896548379	0.7365838824513429
c1	0.0075517532741867345	0.008297396862509587	0.007090087463351987	1.1702813125223166	0.7099675921010884	0.4877440283174639	0.5773411355393148
c2	0.05473700887198986	0.04515790691665425	0.06446748661390689	0.7004756860943423	-1.756620381379354	0.09772352412933763	0.4886176206466881
c3	0.15005809040980145	0.14194546800626684	0.15496778442527945	0.9159675898619332	-0.5686401022333951	0.5773411355393148	0.5773411355393148
c4	0.32792036332910857	0.31882585670593	0.3521755799805604	0.905303703123109	-0.6456464685459182	0.5274813008743502	0.5773411355393148
c5	0.4597327841149134	0.48577337150863925	0.4212990615169012	1.1530369181445508	1.1052461341926523	0.2850787200236587	0.5773411355393148
c1	0.009178564806230298	0.006925675232297476	0.010874587536805189	0.636867854422748	-1.9805996555926833	0.056870336667665854	0.2843516833383293
c2	0.046472278880029666	0.054374292434294355	0.035781351337677667	1.5196265764573953	1.5841199528189238	0.12365278803857879	0.30913197009644694
c3	0.14384387168551827	0.11958890701092247	0.15484864353023098	0.7722954769544056	-1.0905044478489396	0.28417273960250533	0.4736212326708422
c4	0.3482060077878732	0.34918167017307733	0.36029714751115316	0.9691491386627429	-0.14130694661700216	0.888572089049875	0.888572089049875
c5	0.4522992768403486	0.46992945514940837	0.438198270084133	1.0724128487754712	0.48882053150991617	0.628523356692346	0.7856541958654325
c1	0.013725382330289361	0.01705303352688893	0.01114841941684716	1.529636882975437	2.2696566576989823	0.03896129325192534	0.09740323312981335
c2	0.05679942787985477	0.05600320875655861	0.06482947492223787	0.8638541161058879	-0.4603089368850106	0.6521212566100065	0.6521212566100065
c3	0.15183188469578612	0.17449209180181355	0.1349436537388506	1.2930737160822618	1.4469411263103518	0.1691837126693798	0.2114796408367247
c4	0.31441852789085706	0.2640289568783855	0.374097300012168	0.7057761626983077	-2.9629571467119846	0.009963954939762468	0.04981977469881234
c5	0.4632247772032127	0.48842270903635343	0.41498115190989643	1.1769756452514817	1.594561967506711	0.13236814166386646	0.2114796408367247
c1	0.012355428746115046	0.010577590364284361	0.014336754000324413	0.7377953450303332	-0.8923095951850526	0.3793288131628627	0.5804409557890681
c2	0.05148519896061548	0.05907612881433935	0.04669637940858805	1.2651115474591699	1.0218091978859323	0.315040865069965	0.5804409557890681
c3	0.12559229632648902	0.14780153076131813	0.0994419224686261	1.486310070161299	1.7700054674889716	0.08689016200951885	0.4344508100475942
c4	0.34261476537422936	0.3328372491571856	0.34262008495498775	0.9714469868306542	-0.1941082544528626	0.8473995409219497	0.8473995409219497
c5	0.4679523105925511	0.4497075009028725	0.4969048591674737	0.9050173138904763	-0.7411702971390003	0.4643527646312545	0.5804409557890681
c1	0.010036248859517176	0.00956442852167029	0.01098673966117508	0.8705429287151538	-0.7013439614402011	0.4884935682860696	0.645588162595205
c2	0.0422903361033709	0.042612007027212434	0.0448111543721207	0.9509241086126433	-0.46457757405193106	0.645588162595205	0.645588162595205
c3	0.14502009715680714	0.1261092251593674	0.17331795560885127	0.7276177746059628	-1.5705301459468508	0.126780469704736	0.4691347311753864
c4	0.3477424604838113	0.3385338888284225	0.36542925822654415	0.9264006129978565	-0.5577027198087308	0.5811855447623908	0.645588162595205
c5	0.45491085739649345	0.48318045046332736	0.40545489213130875	1.1916996436359355	1.3483011196778079	0.18765389247015457	0.4691347311753864
c1	0.009653538643766656	0.008625632257971257	0.010491287313580183	0.8221710072515147	-0.8929625893123062	0.37898464252016284	0.47373080315020355
c2	0.06144506958839206	0.05235512627643174	0.06578530534230154	0.7958483433954077	-1.0099344852799075	0.3206034158264234	0.47373080315020355
c3	0.16413976902576252	0.16302562750927307	0.164330716602257	0.9920581549209527	0.09481857901161139	0.9250894339528895	0.9250894339528895
c4	0.36618300266508735	0.3098896474641782	0.3978668733995827	0.7788777306748836	-1.772407771077817	0.08648330704065238	0.21620826760163095
c5	0.3985786200769914	0.46610396649214575	0.36152581734227857	1.2892688271024821	2.013498133613769	0.05310901254314999	0.21620826760163095
c1	0.010035460171043177	0.0074788872680248185	0.013714107568386695	0.5453426138544297	-2.234184015988732	0.04686844785121996	0.23434223925609982
c2	0.05893804899529515	0.06455989514148344	0.05370475693558165	1.2021261956165712	1.033586444781584	0.3232259974389168	0.538709995731528
c3	0.14075138480079727	0.14233415278834805	0.1559285314278156	0.9128166056911731	-0.36133005179374844	0.7246058252629112	0.7246058252629112
c4	0.34688390849885276	0.3204808466625001	0.3612473331741685	0.8871507613538183	-0.8001445857139574	0.440341011081934	0.5504262638524174
c5	0.4433911975340116	0.46514621813964363	0.41540527089404755	1.1197407705938398	1.1757767146766196	0.2641775040943556	0.538709995731528
c1	0.008276409398826564	0.010288939020871246	0.00858629559631393	1.1982977880808408	0.912834797101339	0.38482948982922816	0.4544269833046094
c2	0.052407811569966836	0.044497575897879726	0.05937741822877223	0.7494023355215155	-1.3906706022124717	0.1973273055757922	0.32887884262632033
c3	0.16864601343499333	0.1943461842117512	0.14963801411349448	1.2987754840447652	2.48772501194226	0.03423230764001977	0.17116153820009883
c4	0.30183384824693177	0.3230648510165859	0.2884579976151419	1.1199718977721538	0.7813102607578595	0.4544269833046094	0.4544269833046094
c5	0.4688359173492815	0.42780244985291194	0.4939402744462774	0.8661015754030017	-1.652119174504208	0.13246473645688125	0.32887884262632033
c1	0.012021857923497269	0.012546888963303245	0.01171949272160282	1.0706000047404156	0.21616648774417327	0.8303211148301801	0.8303211148301801
c2	0.04844101575056252	0.04058607137726192	0.05920805258328654	0.6854822884128888	-2.0118469753227957	0.05329245776197061	0.19223854666798887
c3	0.1625200900032144	0.1845277245084772	0.13530598553745465	1.363780942694492	1.832007556876492	0.07689541866719556	0.19223854666798887
c4	0.37981356477017036	0.3491523626978732	0.39876639011628173	0.8755812208648254	-1.087536527974919	0.2854603537369026	0.475767256228171
c5	0.3972034715525555	0.41318695245308446	0.39500007904137424	1.0460427082846362	0.3493657218867251	0.7292552884625055	0.8303211148301801
c1	0.010530647816403602	0.007585114557801564	0.013677518777274118	0.5545680237269797	-3.259956721639608	0.002773501977480318	0.013867509887401588
c2	0.047545269681417646	0.04962569586947613	0.051461707199773395	0.9643227667677268	-0.30871366970872516	0.7596730401165911	0.7596730401165911
c3	0.15553887866757043	0.1506457966346565	0.16134352244874994	0.933695969619781	-0.6169128604913778	0.5419462326617754	0.6774327908272193
c4	0.36046286433620606	0.3861658879766354	0.3146827934130154	1.2271592094004318	1.7277776361886008	0.09431092311015178	0.23577730777537945
c5	0.42592233949840225	0.40597750496143037	0.45883445816118706	0.8848016920708508	-1.201535168233061	0.2389435602459864	0.39823926707664403
c1	0.00829743098771342	0.010899799791460102	0.007581483150401401	1.4376870033514502	1.554365797120638	0.1381448034465556	0.690724017232778
c2	0.044359342588160204	0.045870692401088584	0.04919988742734942	0.932333279599941	0.007422813656914895	0.9941621730767283	0.9941621730767283
c3	0.1395746426861793	0.15039091133513577	0.1307857978729122	1.1499024648018308	0.8047789170380528	0.43183578528281574	0.8200972888623039
c4	0.3675944288677654	0.37191872821672306	0.3579009724655216	1.0391665763147706	0.22755218649894454	0.822653794423791	0.9941621730767283
c5	0.4401741548701817	0.4209198682555925	0.4545318590838153	0.9260514083743802	-0.701884724809997	0.49205837331738234	0.8200972888623039
c1	0.009797702121660675	0.008863996460180155	0.011086255465050826	0.7995482774254759	-0.8907904315260807	0.3801302931369782	0.6335504885616304
c2	0.04795470031249266	0.048250793873859166	0.050567871454689974	0.9541788587461711	-0.13158251499990056	0.8961930191811609	0.8961930191811609
c3	0.14703601889053358	0.15171113174245027	0.14128000325073706	1.0738330142391102	0.2898845635117181	0.7738987799642163	0.8961930191811609
c4	0.3418387725852306	0.3961128284903036	0.3016284013420841	1.3132477801421043	1.49189670636474	0.14616819492775093	0.3654204873193773
c5	0.45337280609008246	0.3950612494332068	0.4954374684874381	0.7973988132938793	-1.4977151331248673	0.14465622069992648	0.3654204873193773
c1	0.01088223008771737	0.011429801357007656	0.010723374804873564	1.0658772601898645	0.31168896389430295	0.7585329781275931	0.8436393472553052
c2	0.04330907731879438	0.04909335839650415	0.039052095881267894	1.2571248044090957	1.5474047830349817	0.13759044492080022	0.2293174082013337
c3	0.12841031503506498	0.16883877959487903	0.10165802407127503	1.6608504949545533	3.0501189094299748	0.006367157900949086	0.03183578950474543
c4	0.3502099500956317	0.30980157682357357	0.38029459223329976	0.814635766983295	-2.0196534684497016	0.05715168753697136	0.1428792188424284
c5	0.46718842746279154	0.46083648382803555	0.4682719130092838	0.9841215563550127	-0.1998440947799721	0.8436393472553052	0.8436393472553052
c1	0.010830525934794109	0.011709975506893608	0.010766116488283293	1.087669404249667	0.5490541870506075	0.587032077663044	0.9141049749474329
c2	0.05585098978199738	0.05677947959552554	0.0619062277592789	0.9171852598790445	-0.49685753607185323	0.6229111542260825	0.9141049749474329
c3	0.15555308071386809	0.16691998639291794	0.16229888304323448	1.0284727982290085	-0.10877536704297476	0.9141049749474329	0.9141049749474329
c4	0.37606147506751675	0.3666947324446465	0.3821556797069766	0.9595428039321959	-0.23733712721902084	0.8140086165771856	0.9141049749474329
c5	0.4017039285018236	0.39789582606001633	0.38287309300222666	1.0392368472278681	0.20480258311968522	0.8391095815737712	0.9141049749474329
c1	0.01032349835125757	0.009206182148238427	0.012722349482788192	0.7236227994438671	-1.673670871146643	0.1045923513343569	0.5229617566717845
c2	0.048513976594323154	0.04868238340143448	0.05320620054290289	0.914975752913974	-0.19815681486074155	0.8442590624857814	0.845754817402417
c3	0.15056358973253733	0.1541213274683282	0.15670853743962387	0.9834903061851848	-0.19622814254420823	0.845754817402417	0.845754817402417
c4	0.3816677083557835	0.3865817870788389	0.3660292154200042	1.0561500852746177	0.430072309549112	0.6702167397294957	0.845754817402417
c5	0.4089312269660984	0.40140831990316	0.4113336971146808	0.9758702550237365	-0.20369162210925393	0.8399699139088094	0.845754817402417
c1	0.010004125412541254	0.009329873929641172	0.011520491765647442	0.8098503188432981	-0.642863112403028	0.5251963123134253	0.8993041370403937
c2	0.050742574257425746	0.04677000390636696	0.05213403662447939	0.8971107348400916	-0.3626034412106492	0.719443309632315	0.8993041370403937
c3	0.13675742574257427	0.14327082467297317	0.14481106065772745	0.9893638236074056	-0.11165270774299625	0.911842479794692	0.911842479794692
c4	0.3546049917491749	0.34489921003787105	0.369160424679874	0.9342800229384242	-0.47861068732858236	0.635685468123663	0.8993041370403937
c5	0.4478908828382838	0.45573008745314764	0.42237398627227174	1.0789729061566158	0.6133858399859534	0.5442442382602276	0.8993041370403937
c1	0.011229178632969558	0.011180843112312345	0.0103988187695183	1.0752031899129124	0.5580989260052179	0.5809183905911406	0.9901153752485425
c2	0.053848363009764505	0.05217320544614937	0.05369264511797807	0.9717011581662617	-0.012492525638307703	0.9901153752485425	0.9901153752485425
c3	0.14485927627800116	0.16461478085906414	0.12983741630796183	1.2678531777666753	0.7763545314092634	0.4436178745220395	0.9901153752485425
c4	0.3305571510626077	0.33757255359285965	0.34731374669687076	0.9719527568469294	-0.08482663100009442	0.9329627884297456	0.9901153752485425
c5	0.4595060310166571	0.4344586169896145	0.45875737310767106	0.947033535497306	-0.30714716092226646	0.7608533919272407	0.9901153752485425
c1	0.00964137682465309	0.010343277383015128	0.008932737333818188	1.157906809131935	0.42535175445791806	0.6736160472919885	0.6736160472919885
c2	0.04642728419535051	0.051225790479804884	0.039760043773901105	1.288373593628436	0.6557884952684638	0.5169584279550397	0.6736160472919885
c3	0.17151739052081455	0.1940089697252258	0.1466159658793656	1.3232458590823237	1.4516239441576557	0.15698443283366154	0.3924610820841538
c4	0.31503424040367634	0.2724116342833415	0.3713538451299715	0.733563521304052	-1.9136388436643594	0.06525049486308734	0.3262524743154367
c5	0.4573797080555055	0.4720103281286127	0.4333374078829436	1.089244361419441	0.6182352105148416	0.5410859773800636	0.6736160472919885
c1	0.009656678996102574	0.009331549173714697	0.010970090608028542	0.8506355605563853	-0.820738777748559	0.4182693170900801	0.5228366463626001
c2	0.053422039073554604	0.04647909848001616	0.06595864092431092	0.7046703483983549	-2.000858062313018	0.05452755567279933	0.2726377783639966
c3	0.1314450264379515	0.12002617168463088	0.15430030096791233	0.7778738662965475	-1.6058720971871365	0.11877846805691346	0.28839303652284604
c4	0.32152520914529703	0.31319535808096655	0.3265289417960429	0.9591656909744778	-0.31753927381739877	0.753034080287714	0.753034080287714
c5	0.4839510463470943	0.5109678225806717	0.4422420257037053	1.1554031342173066	1.3957474608327451	0.17303582191370762	0.28839303652284604
c1	0.011214953271028037	0.012239578060167297	0.01096755364839491	1.1159806874487954	0.47989974048287054	0.6358860819115483	0.7648112336747048
c2	0.04344654661499886	0.039067176890571376	0.05440302972089569	0.7181066402183487	-0.7526042591652528	0.4594144190640549	0.7648112336747048
c3	0.1459995441075906	0.13694433033180076	0.16598268723347087	0.8250518931482003	-1.0214666097328504	0.3177866000591466	0.7648112336747048
c4	0.39760656485069523	0.39959465455266996	0.3838729290258647	1.0409555463228455	0.30278115857208515	0.7648112336747048	0.7648112336747048
c5	0.40173239115568726	0.4121542601647906	0.3847738003713738	1.071159886060303	0.5456679467049035	0.5906116167364517	0.7648112336747048
c1	0.010498320268757	0.014252525292045596	0.008219195985393998	1.7340534667105134	2.2787849536026132	0.034561160927581575	0.12212302254937134
c2	0.04127006345651362	0.03761480860448843	0.04646509660998785	0.8095282555896588	-0.8977798446467528	0.3806709367422113	0.4758386709277641
c3	0.15194568868980962	0.14308270211448712	0.1577806599016687	0.9068456311670798	-0.7093497644572654	0.48682317757523397	0.48682317757523397
c4	0.3315836132885405	0.2899897076526784	0.3689616089274089	0.7859617386635264	-1.8973164155080597	0.0732738135296228	0.12212302254937134
c5	0.46470231429637926	0.5150602563363005	0.4185734385755405	1.230513474742012	2.089422449181353	0.050524439610085965	0.12212302254937134
c1	0.012221618685497012	0.010434560663388366	0.01399202298525175	0.7457506805403967	-1.6312037026206254	0.1133026400406438	0.28325660010160947
c2	0.052326634075683505	0.04189859498904093	0.06660170207277435	0.6290919553866532	-2.474974995905196	0.019198191132185693	0.09599095566092845
c3	0.15037117508600398	0.1352733600028833	0.163858235811606	0.825551180463167	-1.094822336272971	0.2823068337657616	0.37798580296719314
c4	0.34395557969702456	0.3482234668882911	0.3419425908514307	1.0183682179550115	0.111536473166256	0.9119338623244766	0.9119338623244766
c5	0.44112499245579095	0.4641700174563963	0.4136054482789372	1.1222531506484366	1.0493694413062278	0.3023886423737545	0.37798580296719314
