clusters	baseline_props	mean_props_cond_1	mean_props_cond_2	p_values
c1	0.009255046984527636	0.00770969410344033	0.006049364387194424	0.7498223177082701
c2	0.05006628218109955	0.04338009555326592	0.04377447048640684	0.7162205521147644
c3	0.14629529078555392	0.1394642198860071	0.1350921906167248	0.7334197688036925
c4	0.3457435099716772	0.3365770242161729	0.3514304584695925	0.741105569216858
c5	0.4486398700771417	0.4465810519254133	0.43832657059172775	0.7410898841336102
c1	0.00984825241302303	0.006677646921317724	0.007523969446923118	0.746412566245174
c2	0.04988004043919785	0.03499954970195794	0.0503963454176147	0.6884336812038514
c3	0.14695423429586002	0.1406471963738119	0.13798718111633512	0.7459619194344487
c4	0.3621018323382809	0.36688176234244496	0.35474555101878513	0.7507762957047146
c5	0.43121564051363814	0.4333389059460493	0.42444254196429465	0.7284336135008083
c1	0.009217413760565759	0.0062032854727277174	0.007059080460740273	0.7414425235247928
c2	0.05460423722921364	0.04476821393528582	0.05135187471220236	0.7562465494709887
c3	0.1595069478242732	0.16036639496335225	0.15606775731338351	0.6984953329492252
c4	0.3234040862543331	0.29543652394077985	0.3192831828575732	0.6765648694633867
c5	0.4532673149316143	0.46960435723103094	0.4458061819044654	0.6573027260330331
c1	0.010326234571006065	0.008587249431472616	0.006998662395401109	0.7558240219337905
c2	0.048557948635407966	0.04127254851862429	0.04698870524882987	0.7210195280662466
c3	0.15073385174082307	0.13113487649408184	0.15720589547047759	0.7489320443322014
c4	0.3416811693341515	0.3437063841761719	0.3428594528198897	0.776694427308732
c5	0.4487007957186114	0.4579984905654577	0.43652401745206376	0.7652594848799456
c1	0.010042107176395747	0.0072208624844689335	0.007529939222451035	0.7318148623945298
c2	0.047145900861329054	0.03802032199398695	0.044649273741216036	0.7597176733422853
c3	0.1508991952177557	0.15603289204666984	0.13015855511256774	0.6848106695090096
c4	0.34747003524077835	0.32734587560465084	0.35173828932228485	0.7235821418277674
c5	0.4444427615037412	0.44370037655301636	0.4377082704745481	0.6727746482265418
c1	0.010039847269473661	0.007530076994723012	0.008272661052388764	0.6824894226356756
c2	0.04932530145551776	0.044954898594989176	0.04246543302457349	0.7035307504612686
c3	0.14304961661308613	0.13930502467049097	0.13904115618830526	0.6476064178970934
c4	0.33698513270285174	0.34524617591317197	0.31362199581417005	0.5854402178554923
c5	0.4606001019590707	0.44377167615485535	0.4758865543208735	0.6287593151245865
c1	0.009699191415833738	0.0059847326094701015	0.007484412302435871	0.7423282726010672
c2	0.05028591612490573	0.04211805457155423	0.046464609422129696	0.7569308846389546
c3	0.14383633569130605	0.14406597509013336	0.1378465538325604	0.7572250560545544
c4	0.3228751992821071	0.32628113065487885	0.3177136212626758	0.74303493906028
c5	0.4733033574858474	0.48007926677539353	0.4710716715646424	0.7767133574614207
c1	0.010812475502547735	0.00762881329829555	0.007900674350189298	0.7042880969615612
c2	0.04905089870653452	0.03903786298086302	0.0514934489592972	0.685199704774097
c3	0.15681169158407526	0.15725997223688626	0.1478012903398539	0.6781414485879349
c4	0.3384232039867854	0.3527819675931733	0.3249261337358181	0.6175484145400905
c5	0.44490173022005713	0.42110629776174324	0.4500645810546532	0.6088259615535364
c1	0.009919325446468149	0.008213698708551324	0.006220617848813741	0.7204150564498963
c2	0.048385031373437484	0.04210458505281289	0.04158192106015804	0.6832557318189557
c3	0.1525970507983727	0.1458015826322664	0.14093294236076032	0.7176174061777338
c4	0.3243383012047006	0.31717370077130946	0.3161356935900309	0.7170994238518416
c5	0.46476029117702106	0.46146923003787255	0.4652218038740674	0.7371011321029903
c1	0.010469967724159647	0.007340477313024368	0.0083672891274078	0.7022346942703621
c2	0.051124734314728804	0.04447264676836876	0.04576607937426423	0.7258829663655831
c3	0.15639514287963474	0.14729265540175102	0.15124129750928725	0.6591426335599115
c4	0.3502765094859482	0.34008386734651186	0.351864711216645	0.7298058028301555
c5	0.4317336455955286	0.4394841272958847	0.4249561648467546	0.7191544580916156
c1	0.009334504189368174	0.006926306545259687	0.006242190500044299	0.6757673134279645
c2	0.05025301163902056	0.04413485098409552	0.044865460560892426	0.6932769537236486
c3	0.15299562869632297	0.15864456561334878	0.1332028165618676	0.5985476663880427
c4	0.35621030773783824	0.34416260842229307	0.3787624765983436	0.6144330881211104
c5	0.4312065477374501	0.43304895334394833	0.41777019880028476	0.6241729390659465
c1	0.009723321762783428	0.008143774238443764	0.0072605491546704985	0.725802042826082
c2	0.05019487241946288	0.041361548915049756	0.04650738643641558	0.7364572031263857
c3	0.1550707427481071	0.15227512736573603	0.13873736608846743	0.7076134729611556
c4	0.3365609077806873	0.35264022035119524	0.31986924999480165	0.6991953351819409
c5	0.44845015528895926	0.4319859225386575	0.46551741020675064	0.7181687900688941
c1	0.010237135315439762	0.007866808422169915	0.007511306145712908	0.6708744063815094
c2	0.04563877689791242	0.03949413053516651	0.03835584130470329	0.7771946187662206
c3	0.14298793709944263	0.13893444732209176	0.13137050976102715	0.6692903759472777
c4	0.34121999668042685	0.337091560521024	0.34170836442594826	0.670697448367801
c5	0.4599161540067784	0.4528601012744171	0.4562241243720732	0.670697448367801
c1	0.010126153426281885	0.008784887143722827	0.006238956227372571	0.7337750440025632
c2	0.05102602590827173	0.04433924445600576	0.046884547696770314	0.7413326334154385
c3	0.15786353220182667	0.1560571948509734	0.14344258536028082	0.7337750440025632
c4	0.34001665733416775	0.3267595058160131	0.34176324419366155	0.6833653026016742
c5	0.440967631129452	0.4480055875805248	0.441819277423542	0.7458985407733696
c1	0.00971339259174026	0.007266792380431836	0.007147715099429285	0.7160037575034006
c2	0.05198055403733855	0.047036701950791446	0.04367712172287201	0.7178143040409565
c3	0.14932543221240974	0.14041930683452752	0.13066536703958107	0.7383266697888322
c4	0.3379359280461027	0.3216036292334256	0.34954477379080484	0.6933717371343039
c5	0.4510446931124088	0.45095106098027393	0.43741237092599816	0.7178143040409565
c1	0.00931614607257694	0.0068796357272328905	0.007528453640733146	0.7153470883935014
c2	0.046250574184657785	0.03661105160479414	0.04254213434433009	0.7369011519589637
c3	0.146799877507273	0.13244908152625914	0.1447664128437662	0.7532833181654263
c4	0.32472056346654415	0.3433845760428842	0.2949232750422449	0.6434683092114885
c5	0.4729128387689481	0.468948872392407	0.4800512309391348	0.7418318823127137
c1	0.010088110135286465	0.00729040156197356	0.007245594495576959	0.7463493090749855
c2	0.04758614445487513	0.03963020921804616	0.04026466251477118	0.7388578780973432
c3	0.15459540340527325	0.1417226928377652	0.13394101760293936	0.718630795078142
c4	0.3590690537571896	0.34974406647843903	0.36225713105020885	0.7693259456262329
c5	0.42866128824737554	0.42922120801870933	0.42453523342148725	0.7233577439875132
c1	0.010105910770691827	0.006973276084518752	0.009329412891171188	0.7249701225665504
c2	0.05024051861180503	0.04777225002050035	0.04216637227317446	0.7628766046915628
c3	0.16022358940479386	0.15839547836792606	0.15025136940610945	0.7741520604131702
c4	0.3403802877965192	0.32798542839748024	0.34746378825877433	0.726153413474594
c5	0.4390496934161901	0.4340908739003219	0.4293656548271729	0.7324385474969174
c1	0.009529847441935354	0.007278140110101146	0.00630309256661336	0.687678262539343
c2	0.05001408847562694	0.04472737314369199	0.04176963361649409	0.6993523056407165
c3	0.14935796803928672	0.13365331819326787	0.15336329652940606	0.7182541893582395
c4	0.3171064283701646	0.3025107931619548	0.318810738603978	0.639247257075831
c5	0.47399166767298634	0.49501824908986786	0.4453779957072289	0.6486680655313226
c1	0.009734231877814362	0.007041850266015828	0.007876362449258423	0.7119517561113196
c2	0.045906801653485964	0.04257636413308895	0.03650096283152833	0.7253831850909747
c3	0.16311762111374384	0.17726538477063974	0.1470826334688612	0.6563301419372666
c4	0.3275943420418295	0.3084730212032416	0.3495910728033573	0.6295641045991358
c5	0.45364700331312635	0.4512464979697328	0.44358960702203465	0.6855274607603783
c1	0.009519948555931445	0.007392383254993768	0.006195065325928399	0.7156956365953762
c2	0.04786069095348599	0.03888013823756811	0.042577288355484494	0.6807908842402985
c3	0.14815798548009804	0.1290819007204777	0.13891077635487464	0.7062462655814503
c4	0.33947959478476436	0.3504802214092475	0.3272004147029719	0.7453833381422295
c5	0.45498178022572017	0.4384521425353158	0.4588196509840894	0.6821402746496992
c1	0.009952913121678153	0.007379792582365579	0.007692815324459387	0.7621577346005761
c2	0.052659499221955015	0.04866894143180883	0.042987388570065926	0.76499773218212
c3	0.14513570317078592	0.14135360821343196	0.13159340740345093	0.7016405777911934
c4	0.3343370450457733	0.3356829374656904	0.3258955095222974	0.723446586069709
c5	0.4579148394398076	0.43864890390406996	0.46902194646694884	0.673682302419837
c1	0.010657649253731343	0.007083134230492772	0.008972507111178054	0.7854524176038734
c2	0.05152985074626866	0.04426729031796563	0.04770261921253137	0.7599653745014421
c3	0.1575419776119403	0.1556010614355636	0.15012720175467797	0.7327653435985249
c4	0.32448694029850744	0.33561065311001825	0.307411717834453	0.7090673644471149
c5	0.4557835820895522	0.4447714372245518	0.46273057350151775	0.7249677786686306
c1	0.009513562205985386	0.007024825149987115	0.0070898483299593	0.6577237393362017
c2	0.05040036032429186	0.04152985266601535	0.05058348013830967	0.6676565876247922
c3	0.1533279951956761	0.1459334884272424	0.13632957697182727	0.7332866339981622
c4	0.33226904213792413	0.3027244352313023	0.34526405016976724	0.658479903484388
c5	0.4544890401361225	0.47638552466346473	0.4350710323181711	0.7114218875324658
c1	0.00977977977977978	0.007701744204495002	0.007039021789477747	0.7737003889875267
c2	0.05146146146146146	0.04993250680856873	0.03992137115572888	0.7510600047851208
c3	0.15897397397397398	0.14550945082140682	0.15521985162703344	0.7370794378599034
c4	0.33355355355355354	0.3379982139120654	0.3252292610744446	0.7351780794503225
c5	0.4462312312312312	0.4423560561667561	0.43828277288577744	0.7370794378599034
c1	0.00988022067923895	0.006104387513690734	0.008064858600788781	0.7557919501483177
c2	0.05068595162677519	0.047224465192952085	0.04209048528938196	0.7818508737997627
c3	0.14556543810702524	0.13813154531929323	0.13966308684286347	0.780294035653695
c4	0.34205806465146527	0.339405263298579	0.3310469176753874	0.6917785571296869
c5	0.4518103249354954	0.45249024513717084	0.4562322783328693	0.7658871043910735
c1	0.010389741518578351	0.009730977110281832	0.006523419517912665	0.6077688691564302
c2	0.051352988691437805	0.04436792034612591	0.049137576810100725	0.7680982929611224
c3	0.14144285137318255	0.14394209917856282	0.12886391052859658	0.7440907688103283
c4	0.33706078352180935	0.34181483560129394	0.32893580787808274	0.6379321999480339
c5	0.45975363489499194	0.44357239525682357	0.4647267545712672	0.6395625464730318
c1	0.009746309985082665	0.007984055931551024	0.006162971079776931	0.6849135223572547
c2	0.050161326451342324	0.04703768692057074	0.04112946233245094	0.7111972022217399
c3	0.1518756285059312	0.13699778971392462	0.14977775928796583	0.7314087127705965
c4	0.3372366232491195	0.33963869702271277	0.33234908530821305	0.6874343562201249
c5	0.4509801118085243	0.45190099911230086	0.45067536038682454	0.6867614026503034
c1	0.010073966954261649	0.006922183238689606	0.008196156540697809	0.6881959963828644
c2	0.049705402421269654	0.03941407287631347	0.04880145148678622	0.6671355615362595
c3	0.15349852945487233	0.14143815836093954	0.1410631881993667	0.6227028714045018
c4	0.3487927850463637	0.36858791038637134	0.31994624027918706	0.6097841072384831
c5	0.43792931612323266	0.42093326950106746	0.45992914307125143	0.6626880265991222
c1	0.00981453772247598	0.008268316770742638	0.006687642719296365	0.6941455669992564
c2	0.049318790360686725	0.041974373876639465	0.04389614975374431	0.7781893187767359
c3	0.1541679792093243	0.13438322641532835	0.1513805697692564	0.7446249098930813
c4	0.3421306504961411	0.32785405451982874	0.3456786938917934	0.7482348862668704
c5	0.44456804221137186	0.4609166386495876	0.4319858207148072	0.6929862884431067
c1	0.010399866525777209	0.00792811430293855	0.00741462984539711	0.7034220934464916
c2	0.04849057843885718	0.040708741222072034	0.04124893460153435	0.7608418014558198
c3	0.1486468039496236	0.13413923343198086	0.15003210535946432	0.687098936825109
c4	0.3494698949901664	0.3516607195424936	0.3487290338021458	0.6986237754896257
c5	0.44299285609557565	0.4429169082984127	0.43386163663532495	0.7620346503343538
c1	0.009726218905202004	0.00848566141902606	0.006082463904660881	0.7005795483528946
c2	0.050834181022993696	0.046806506491202785	0.040285058080685596	0.7387550419812249
c3	0.15132756360392313	0.146056024749715	0.1484916737950963	0.679711137286382
c4	0.36006592940331716	0.34893488988884014	0.3599879630604468	0.6746727812985608
c5	0.42804610706456403	0.4149280741231724	0.4283755992713436	0.6395592082105376
c1	0.010205641040335445	0.00858394261118976	0.0071102153612224795	0.7237478907432079
c2	0.05097567265537695	0.043880916174819984	0.0485478828476705	0.7237478907432079
c3	0.14451225918603208	0.1343794070529744	0.13704444472895577	0.748618040823533
c4	0.3378702350592663	0.3358573083784128	0.3245325787587162	0.75333944421076
c5	0.4564361920589893	0.45560254473036915	0.45574034053990164	0.7237478907432079
c1	0.010769230769230769	0.00839446559927927	0.00774177771149715	0.7304556473414718
c2	0.048830479864962625	0.04147679381903002	0.04243640083242579	0.7635150146966088
c3	0.16283578490475042	0.15574796742845698	0.14935070733904182	0.7440338644561619
c4	0.3383023872679045	0.34112894410765315	0.3350044985115159	0.7156691665065181
c5	0.43926211719315167	0.4413539607323325	0.442514891424502	0.6945584365821975
c1	0.011001789383698024	0.007975382274553886	0.008653423665377797	0.7050450623606166
c2	0.047384154662220644	0.04349684853735378	0.03909047147116519	0.7050450623606166
c3	0.14597547960261878	0.12932693078021273	0.15245495476500656	0.7012727084689132
c4	0.3260129663946308	0.3373693274732762	0.31165007597197075	0.726105986396546
c5	0.4696256099568318	0.4700410702953821	0.4734194682275408	0.7259723040608476
c1	0.011002052068138552	0.00937094752853661	0.00748994362313758	0.7854142527084753
c2	0.05042648404084357	0.04667874032801441	0.04235490662854362	0.7522117395099467
c3	0.15943333250920957	0.14850774577567677	0.15277401168563226	0.6916849394891387
c4	0.32979949069152226	0.3320875434910254	0.327950623896492	0.7191768008372105
c5	0.44933864069028606	0.4390563951194587	0.4588983153011062	0.6856126706494134
c1	0.009761609645127409	0.007466968585289244	0.007247438001793354	0.7188046292003687
c2	0.04725992961287079	0.039644763775180364	0.042229921692943775	0.7153581867150967
c3	0.1574202669135692	0.15934831936053978	0.13646853172951162	0.663083560172807
c4	0.32089860569767387	0.3174795052227404	0.3174845751651967	0.6835926546476443
c5	0.4646595881307588	0.45311551481575973	0.4814074313877305	0.6417382397726458
c1	0.009816642284450004	0.006944588011750302	0.007073130843217427	0.7142852525246088
c2	0.053895899135163634	0.04825786672617569	0.04953459188130162	0.7322771171856803
c3	0.14943111032996118	0.14019683450619416	0.14618025952483207	0.6422265487413359
c4	0.3445646611216509	0.34625239442945194	0.3352146005321254	0.6856577084910827
c5	0.4422916871287743	0.4400764580644866	0.44241429984375363	0.6768695492444252
c1	0.009272040888018088	0.007132901750190299	0.007059661740866541	0.7635860230769774
c2	0.05050639988521273	0.044578542796523506	0.04933995629898674	0.7279882528052235
c3	0.14078757922548277	0.14069568890713238	0.1286012668474436	0.717493314632083
c4	0.34678620375730407	0.34251542722299066	0.34841573417039534	0.6744307469769466
c5	0.45264777624398234	0.4427722818014441	0.4498200466139607	0.6827540378826806
c1	0.009432247379370241	0.006956976840250792	0.007090902493707701	0.6914959719540424
c2	0.05015552099533437	0.040220459202471096	0.050236078441978	0.6855575371420242
c3	0.14631597018844297	0.14475589747720286	0.1318322562570643	0.6618154339587203
c4	0.3613186968552443	0.36484719647977215	0.35628283647399406	0.6914959719540424
c5	0.43277756458160815	0.41648740505327614	0.438052998223928	0.6840246913125915
c1	0.0105942475632116	0.007953179403392832	0.008443614606426678	0.8347119964969726
c2	0.05223003059569654	0.04168684198448731	0.05015221496488953	0.7867969613101616
c3	0.1571582226631074	0.14700886012217676	0.1483021383837564	0.7991542635452906
c4	0.36490801785584914	0.37218546009462894	0.352451720189065	0.7973144600693238
c5	0.4151094813221353	0.41538515006187676	0.42335795712936086	0.7845936711654833
c1	0.009036013095671152	0.00642751108160125	0.006707898767739201	0.7150333711101803
c2	0.04881775190978538	0.04144414817760404	0.044822817593935936	0.6883109511540634
c3	0.13882381472050442	0.13056862025932237	0.12886168042947843	0.6557098612246397
c4	0.32482114708378806	0.33562938736485565	0.3133648217761349	0.6721561210218241
c5	0.478501273190251	0.45675778707111003	0.4861747684192684	0.6676298753568619
c1	0.009664288015306671	0.0075156988907546535	0.006980071873751764	0.7180171772984367
c2	0.05203584572282041	0.045874036827973044	0.0441970654772986	0.7246298620429905
c3	0.14654574917755933	0.14045059204601018	0.13861824326858532	0.7804983416891238
c4	0.3683069924540458	0.3479673540865151	0.3813822510242396	0.7524277005134632
c5	0.4234471246302678	0.4330222089250315	0.40792695775849597	0.7285533622576517
c1	0.009984849503342934	0.00711516542659572	0.00784381804807547	0.7758589305271588
c2	0.04975361052364874	0.04010316016724213	0.043614061646284806	0.7260716698007749
c3	0.14332473253944042	0.1410567814773333	0.13753507027617595	0.7049935951171659
c4	0.3385748191506414	0.33211992210156493	0.3308795103251255	0.6359340486560223
c5	0.45836198828292646	0.4582051656992361	0.4611459941493989	0.7000506456275484
c1	0.010938842827407712	0.007717724183977663	0.00914081525107098	0.7839063486781033
c2	0.05150992791888764	0.04874259497758107	0.039353802644143315	0.7488290943905005
c3	0.14121638739996323	0.11783966451363992	0.14644267710799896	0.7699276682412843
c4	0.3378224648660464	0.3253292736723411	0.33721167407451685	0.7644029559503275
c5	0.45851237698769504	0.48144816271031665	0.44851516616950854	0.764875802260206
c1	0.008946862118636887	0.006299489257413641	0.006687551899804897	0.7935623790725339
c2	0.04849747543974201	0.042750472672819034	0.04384949503278074	0.8054262313339666
c3	0.15792333112361623	0.1711016726937093	0.1410115478050823	0.7555520349785975
c4	0.3472877799321135	0.34045719883670167	0.3534352785325192	0.7276676649392724
c5	0.43734455138589134	0.4234259116202505	0.44298222757303685	0.7555520349785975
c1	0.010686105579914888	0.008646152450924389	0.007991434933642922	0.7251397010785559
c2	0.05127046473634815	0.0458726120121265	0.045709072711708834	0.7105306601529584
c3	0.15200389307935624	0.14633848524303633	0.13793588847764138	0.6930254481862355
c4	0.3465933072801577	0.3377473486947268	0.3462178351074513	0.7174391841153032
c5	0.439446229324223	0.43552612506440436	0.4426642045403821	0.7052631180641058
c1	0.010376293221839045	0.007993400775240255	0.0072291537308153304	0.7567658779880626
c2	0.05224260180466119	0.04483364190671117	0.047605233497649835	0.7708510465833713
c3	0.1509954120507421	0.13694909127382165	0.14932934268384215	0.6865667688381252
c4	0.336858221177811	0.3551334072636365	0.3147973739604564	0.6577643191802863
c5	0.4495274717449466	0.4344390713529356	0.46035606134337814	0.6459972295554021
c1	0.00969909495383555	0.006285155133117746	0.008199693628159612	0.7193489540839175
c2	0.04845493518734354	0.04048876475101588	0.04244779804152404	0.7274291440564693
c3	0.1456333802916823	0.13153050487809495	0.14312938847866674	0.69451302598934
c4	0.3498059167519687	0.363081776933312	0.3280241134121464	0.6720548970693188
c5	0.44640667281516994	0.4296608181288454	0.45549356037963806	0.6744583174392892
c1	0.010199709424019305	0.007453653893591932	0.008511206848421484	0.6840146115023815
c2	0.0443743997635992	0.036157903872696066	0.03637581915643447	0.7214829340502653
c3	0.1531236917924598	0.1459689617158092	0.13604482127951276	0.736843999802238
c4	0.32666650249944595	0.3243973993023205	0.32501495937687996	0.6921039699589213
c5	0.46563569652047576	0.46452275582516767	0.47407049352841923	0.7562853472916974
c1	0.009108059010240952	0.007379158865674552	0.006559435715076802	0.6940590990177109
c2	0.04740183259138003	0.04764385345804293	0.03530728066387219	0.6515082319877683
c3	0.14737588086159742	0.13988182113223335	0.13284715194865637	0.6737225538720415
c4	0.3389745074162059	0.3297437568479843	0.3426220106494571	0.6637488285452955
c5	0.45713972012057574	0.4538851706458791	0.4612691816200173	0.6805837008951066
c1	0.009854537699682095	0.006681881642224579	0.007604254457229986	0.738172912017684
c2	0.04885113051930984	0.040857527930872425	0.04502540689177648	0.7489439475260904
c3	0.1453928672389936	0.13761209715463918	0.1393291990567852	0.6973745892404999
c4	0.34431367881249597	0.3528288596634382	0.3256751846167936	0.7382598463185555
c5	0.45158778572951846	0.4588268999852281	0.4499702569693053	0.6950713373773092
c1	0.00996715995817846	0.007732864957277283	0.007545131945039101	0.7145807572225042
c2	0.04708607959910277	0.03942087890787413	0.04243897565969272	0.7446899188623286
c3	0.15044700225228338	0.13912354459209475	0.1457264564991256	0.7069836650338307
c4	0.33837678996651516	0.33710045102473485	0.33058326230038826	0.6661895246320996
c5	0.4541229682239203	0.4606297292448644	0.44758562167515126	0.693866098088632
c1	0.01138648352742112	0.0077109999330105036	0.00889100007130429	0.7304333758573422
c2	0.055747984472977005	0.055391740154747224	0.045128824813710014	0.6709539154054807
c3	0.14782024484920872	0.14901271410427436	0.1228921907905065	0.6331456507153732
c4	0.3216382999900468	0.30755494453969856	0.33647191880441685	0.7074365371359317
c5	0.4634069871603464	0.45401807563734464	0.46275210175000436	0.6572827549684642
c1	0.009632043560762313	0.006514477987012729	0.007603887572144948	0.7325027779398597
c2	0.05227497731210296	0.05473715397469435	0.04069180289637861	0.6887917929412355
c3	0.14002041910733437	0.11958446650155719	0.14277958894965354	0.651145538099869
c4	0.33741543602013035	0.33484531275618745	0.33058469851631384	0.6891938741024464
c5	0.46065712399967	0.47427936180643704	0.4586170671616961	0.6749464529550953
c1	0.008788669893080513	0.0064730729280986325	0.006329448093811153	0.7389439317273461
c2	0.0487168134837636	0.04107723260557954	0.04478653419323904	0.733550825654945
c3	0.1411632392380778	0.13304952610597576	0.1305729112125873	0.7003844865989193
c4	0.3567019333038172	0.3444810998108871	0.3511128381980627	0.6476206244169563
c5	0.44462934408126087	0.4583640176866346	0.4457192686829404	0.6476206244169563
c1	0.010528625792390063	0.008303924216148506	0.007552779983490173	0.702594044180314
c2	0.047865097929686136	0.04357596448547994	0.04245413565763255	0.7168077173220082
c3	0.14940075111844828	0.14774745567874634	0.1409500656030478	0.7344862865102672
c4	0.3536540964882968	0.3496548899604462	0.35531829758662953	0.7077564874043001
c5	0.4385514286711787	0.42759439644224784	0.44369375172531955	0.6647449622172026
c1	0.009866991219681822	0.0071448501502329766	0.007788416375743885	0.6854058465393933
c2	0.050605156142841966	0.042266202040505595	0.04738229094000079	0.6391332249769699
c3	0.14305446888251375	0.12481340784074739	0.148045401043221	0.6792549073438049
c4	0.346315453939552	0.34393851670897646	0.34166597607297683	0.6671966388363106
c5	0.4501579298154105	0.4592601005660689	0.44191793848348404	0.6743577509477123
c1	0.010533507942834367	0.009281568153475833	0.006648869790343542	0.6741117906934657
c2	0.049398356393175046	0.04390063356103403	0.0411097324275906	0.7042992410402167
c3	0.14512042361783295	0.1397907770097398	0.13628029694972355	0.6829899171499463
c4	0.33041526694376433	0.3153904682340572	0.33017256308956533	0.6408878008550374
c5	0.4645324451023933	0.4701427653449627	0.4606100144621645	0.6595453458194548
c1	0.008949001357378321	0.006948307915137524	0.005960799415022124	0.7086527158816734
c2	0.05325770796974985	0.05127470806882215	0.048342307903216516	0.6853067412538278
c3	0.14645142524723676	0.13527693902814947	0.13862582820852437	0.6757618847359856
c4	0.3526517355051386	0.3678699869957327	0.3391504669628063	0.6635050628224839
c5	0.4386901299204964	0.4199630104053466	0.4432202170575464	0.6490218577746482
c1	0.008984834761381195	0.007242071378708494	0.006128169409180289	0.712260986340965
c2	0.04387311766500855	0.036865121323869196	0.0396281301964521	0.7206451515847765
c3	0.1496471454380773	0.13510605118912816	0.14583285862904055	0.7376081517665869
c4	0.34476094527242696	0.35086336895066583	0.330831711033739	0.6681657683393952
c5	0.45273395686310597	0.4612764060564847	0.4437184111438188	0.6747335021998554
c1	0.00987959572905605	0.007073918507975278	0.007825000793333248	0.7420144808298079
c2	0.05518308951336387	0.05220933058961462	0.04633376922154978	0.6858335604780024
c3	0.1582848599157857	0.1618030068544718	0.14323207201329297	0.6728717833130509
c4	0.3440318260345839	0.3593294695542254	0.32842693686499935	0.661351159434308
c5	0.4326206288072105	0.3994407023353818	0.4561547655038528	0.7090821653341105
c1	0.010330802336002205	0.00848018317837289	0.007708659681760583	0.7328563263634643
c2	0.053815700062043906	0.04739786647696177	0.045090927356361055	0.7627757196867062
c3	0.14254833023113817	0.13127105185573154	0.1311043564277926	0.7160116756347612
c4	0.3347071626239647	0.3247553494091799	0.32634958938539016	0.7102254115566128
c5	0.45859800474685103	0.45552586158691877	0.4618157893764325	0.6924913941425213
c1	0.009722675367047308	0.007646881803446735	0.007050500990798951	0.7487179711996879
c2	0.04416112435688292	0.03690022360342193	0.04075086565435666	0.7361440237846757
c3	0.13878780273560046	0.1205736300922684	0.1350464727897532	0.7309345552401729
c4	0.3538210565943029	0.33951734183143123	0.3646478772721623	0.7112617902312766
c5	0.4535073409461664	0.4751840681935864	0.4375209924622291	0.7015431866854307
c1	0.008924566166922441	0.00686998038328893	0.005553041604968847	0.7324352348290804
c2	0.051861645614449295	0.04829079600805283	0.04430305883277291	0.7209248145318639
c3	0.14649510093259355	0.14431935781147523	0.13239729836380926	0.7067359175515036
c4	0.34021012867430056	0.32111251807608054	0.35508214590795406	0.6924826678487451
c5	0.45250855861173417	0.4621513174265411	0.43150811750847395	0.6727943335308193
c1	0.009778273141483098	0.007671033912683497	0.006515010332257381	0.7341110134486428
c2	0.05014525508650805	0.04536465329016427	0.044215940693151115	0.7206448663081394
c3	0.15358854884234535	0.14355878923815846	0.14519740277972346	0.677886834365232
c4	0.34475249874869063	0.35680677961653307	0.32514185699123	0.6743890097603212
c5	0.4417354241809729	0.42527334494999564	0.47066962843194327	0.6069192328530317
c1	0.010890521060003825	0.009260932817061059	0.0067094817137309595	0.7066368265805474
c2	0.051423727587080234	0.04218934835324039	0.04740430046262133	0.7151641545270058
c3	0.14689023161093911	0.14028464957884088	0.13763530911748817	0.7066368265805474
c4	0.33189470256524234	0.32704995632952244	0.32635584344950663	0.7066368265805474
c5	0.4589008171767345	0.4600011375695406	0.4687776926503803	0.6996969733843832
c1	0.009483888394241639	0.0074777227222673	0.007037273165755189	0.8025533494029518
c2	0.05197631028721776	0.04719429625889061	0.04808384785564846	0.7797004081096757
c3	0.14382396782680898	0.1388044173204725	0.14054191437072422	0.808546257606346
c4	0.3379235486549485	0.34620230637604626	0.32563584815006286	0.7868342509166001
c5	0.4567922848367831	0.4478641010032581	0.4647579532976046	0.7855589359648001
c1	0.009028271607311025	0.007169766696469695	0.007045709859419668	0.7189381583312138
c2	0.04770713613038381	0.04167511397841558	0.041439281120561604	0.7613263329079022
c3	0.15179412273452364	0.13313330309762625	0.15554190362807527	0.6888164212694308
c4	0.3426707155349695	0.3524003003766332	0.3469509560663271	0.6901561806258694
c5	0.44879975399281197	0.4449584851073657	0.44552245797750745	0.7437771971088344
c1	0.01063725729935932	0.007805916154432124	0.008255054102895176	0.738649596362184
c2	0.053861202132342155	0.04598316181361715	0.04590211833801043	0.7463378160347995
c3	0.14748373844573776	0.14366550305209974	0.1424004186674497	0.7049957983393469
c4	0.3496796596077664	0.3293092398596837	0.3629014175449925	0.6926980740394795
c5	0.43833814251479436	0.46021535394985125	0.42521503964069696	0.7057385390578108
c1	0.008779607826393263	0.006242084359469099	0.007067434837978769	0.7370034722376815
c2	0.04754331095289434	0.04224475581866091	0.04105120023391151	0.7539070951134235
c3	0.15153763222783215	0.135117508437324	0.1486319680355083	0.7330241084748034
c4	0.34319460307633187	0.3471336168147038	0.333210052719722	0.7083326251891506
c5	0.4489448459165484	0.443221344389924	0.45071820924482753	0.7336157197944835
c1	0.010376333535946242	0.007049674755135326	0.007958407808406138	0.712426596115489
c2	0.04837343314013315	0.04180216331083195	0.04226957027652439	0.7530829938789867
c3	0.1519453232314047	0.14482729174258296	0.14319935341075257	0.7085553643846815
c4	0.3313678285799069	0.32289999097267347	0.33015907972913494	0.740051099705112
c5	0.4579370815126091	0.46789319765741966	0.44829637358906804	0.6478913031442725
c1	0.009031446279272909	0.0070734572741308465	0.006345615906824303	0.8071607232358946
c2	0.046051536957697266	0.0437728441368113	0.0370185303883563	0.7768377250994574
c3	0.14670770766607047	0.12781116085875593	0.14648857427949927	0.7720608823106387
c4	0.3422018634832162	0.3398167060944169	0.3355320665396727	0.7428167608534402
c5	0.4560074456137432	0.4579488886070264	0.4507564482017845	0.7642419928151845
c1	0.009392161138756171	0.006130069744033304	0.008258038588416164	0.707784357205711
c2	0.05042524930116374	0.041240307691387465	0.0445391382997357	0.7077525872869284
c3	0.15493844293332804	0.1515800684082862	0.15807129113414742	0.667328097207519
c4	0.33623441248190955	0.3351371028575153	0.31655524300931015	0.6842230110365772
c5	0.44900973414484247	0.4503778718090726	0.4496323755249237	0.7012809597211442
c1	0.009660583523171942	0.007062593933996154	0.007229217933728986	0.6717421487218962
c2	0.050331739852150205	0.047612439786967484	0.042924695672666324	0.6819184974451339
c3	0.15596010149096004	0.1413856537881515	0.16119429455896442	0.67752512010091
c4	0.339770399134635	0.3380972049926647	0.32455830802293706	0.6977018535637876
c5	0.4442771759990828	0.4364551977778744	0.4427024379117243	0.6235675861812162
c1	0.009698709276390362	0.007854647463113658	0.0069937450335708536	0.7192389398489103
c2	0.04719550989067242	0.04179875878829134	0.041248264257861586	0.7355332107022751
c3	0.15348367399173643	0.14297064551159516	0.14182593902719132	0.7227919473014737
c4	0.3394274013675089	0.33489636542809237	0.34725852301838417	0.7183358788351268
c5	0.4501947054736919	0.44770889856219975	0.4543069745885048	0.7150863565448408
c1	0.00942245816457959	0.007172526723804229	0.006710289055873571	0.7033686227437506
c2	0.04834641736004662	0.045331841679732476	0.04020117285428101	0.6656572117939445
c3	0.15286518147047157	0.13526362798298003	0.15213147334371452	0.6304360044003503
c4	0.3385963279838192	0.31754349117889036	0.35128041376081487	0.6441695653873665
c5	0.450769615021083	0.46992309009475514	0.428716173490588	0.6312530400655336
c1	0.010097971811619113	0.007845297474816205	0.007306188729753962	0.7064538699063666
c2	0.05494800618769337	0.046861600983131475	0.04929377567292901	0.7311711538545762
c3	0.15744242007562737	0.15532023946583012	0.1416300293251562	0.6379838369173001
c4	0.33172911653489173	0.3488150948052032	0.3093834355628715	0.6882763415843514
c5	0.44578248539016846	0.4226129906691769	0.48143698990393935	0.6370248813544561
c1	0.009631734383390012	0.007116265512179794	0.007735435945138668	0.7217102155575998
c2	0.049825487739395026	0.04287418361481856	0.04125645936984153	0.6788109535144189
c3	0.14531501700375873	0.13897030120034645	0.13002000376753559	0.7458231421083344
c4	0.3494384284947199	0.3452338582666719	0.3415077792308488	0.6941807327361501
c5	0.44578933237873636	0.44108300588013594	0.4529666272123102	0.7194516023070272
c1	0.010400800061543196	0.007727257220456038	0.008402111809982135	0.7344881060151223
c2	0.05023976203297689	0.04354133045640812	0.04439192017718137	0.7105017733952117
c3	0.13941585250147448	0.13561945766930306	0.12710519084417757	0.789472770087889
c4	0.32516347411339336	0.33564994899254963	0.3132698166924134	0.7946177686774633
c5	0.4747801112906121	0.465931145161812	0.4895769204973177	0.7355148373477975
c1	0.00981693002885695	0.008041963915906286	0.006952594975597045	0.7377152926693807
c2	0.052346134931754704	0.04242016778179909	0.04698137853915716	0.702534097189932
c3	0.14794521819008472	0.14803072118914556	0.13411465582352258	0.7454599177468304
c4	0.33447616750020875	0.3488461554674437	0.32352102430922874	0.678033002830804
c5	0.45541554934909484	0.4420170666795427	0.47025114222474707	0.7067352515052044
c1	0.009462301734590355	0.006666071512150542	0.0070891801687940365	0.7397182514728959
c2	0.0461782099819365	0.03788615929402457	0.0408038705840628	0.7194717988568209
c3	0.16445698166431594	0.1500296201376972	0.15503611523906569	0.6896398794744307
c4	0.3566129710736644	0.3755103748896397	0.34396183458601903	0.6925493332862995
c5	0.4232895355454928	0.4114225769823509	0.4328689249409224	0.6971595336936013
c1	0.010215040816817974	0.008189250940666819	0.0073232368876852616	0.6625663415309148
c2	0.05039612782045416	0.047175098633529776	0.04325778398986836	0.7628694527601869
c3	0.15375538806077974	0.15461471977308838	0.13792973247339665	0.705545499199793
c4	0.3161220410817059	0.31778583965979135	0.30956380767165104	0.6957640795156644
c5	0.46951140222024224	0.4501354245692879	0.4889229076959455	0.6925049842477748
c1	0.008905008256464238	0.007019907229190828	0.005992549300727512	0.7150286223202736
c2	0.05291620312398665	0.04601119458887885	0.04802316665241713	0.7527630977323643
c3	0.16027518221592524	0.15580923466491353	0.14820829438243327	0.700210797189752
c4	0.348412813234289	0.33857998454125665	0.35525627515362057	0.6713000575912039
c5	0.42949079316933486	0.4360474402195002	0.4227546806308782	0.7046260037251523
c1	0.010053517975387779	0.008273229234243822	0.007022743249351334	0.6396979767295532
c2	0.04696681079228777	0.044436892016585454	0.036483311984714065	0.6332717834318098
c3	0.1406535038651871	0.1350883141749731	0.1255141219523327	0.7308115438653844
c4	0.35578367046634213	0.33650567935739023	0.38173594901819197	0.6340059117036513
c5	0.4465424969007952	0.44753350401057557	0.4291593543002036	0.6592227770847949
c1	0.008916581088553598	0.0065395189751091005	0.007607279127178495	0.732329166326166
c2	0.05309463622719014	0.04590865729718764	0.04740179330461074	0.6958017711133178
c3	0.15793605340074254	0.14458309282594078	0.1562442185755737	0.7108342680004345
c4	0.34453748321352395	0.34544795983324095	0.34241231084391416	0.6663333458992543
c5	0.4355152460699897	0.4368813509380114	0.432947996881314	0.6731597099357796
c1	0.00933735703598509	0.0078085885347873845	0.005896894688500017	0.7064877845712173
c2	0.04933938579362463	0.03848417898824753	0.04444975413660663	0.7028971662998145
c3	0.15829381482514646	0.15494632579660472	0.1489991328840406	0.685910082340736
c4	0.35016356858468795	0.36136336448641576	0.32545590968786814	0.6952521972453969
c5	0.43286587376055585	0.4170724721676248	0.45682525194264717	0.6860066645066271
c1	0.008681044309785443	0.006330126503022163	0.0063927800582020584	0.7474526169562681
c2	0.04665426737247264	0.0379725571878639	0.040572753838675514	0.7437723385705326
c3	0.155751134166209	0.14258686580381974	0.14499761593196767	0.715441363604367
c4	0.3446388436350546	0.3476446870681748	0.34376195374166696	0.7343819916700618
c5	0.44427471051647827	0.4330221583570911	0.44009632247620345	0.7482540526437269
c1	0.009233581890265196	0.007563543911206672	0.0061026475978953835	0.7693490883159562
c2	0.052073704319960556	0.046878116051896374	0.04835183454071	0.7474695837211707
c3	0.14583204946488362	0.13003644275822507	0.1405226188213415	0.7415788123903799
c4	0.34585875392863746	0.35407038502302685	0.3266917509758391	0.7046484661198817
c5	0.44700191039625314	0.43855804459940595	0.4567883579753639	0.7387817852634078
c1	0.010976512518322785	0.008668777769652487	0.0072400344511215865	0.7452204393210993
c2	0.05074001990381457	0.041180090745116416	0.04796633875521719	0.743064672867083
c3	0.1502688975934033	0.13845560425247527	0.14302970272766474	0.7282696571057804
c4	0.33311926110765216	0.33417662092040795	0.321406248915851	0.7050366433596353
c5	0.4548953088768072	0.4527723988108921	0.44924395033678133	0.64014196544669
c1	0.010923227008011353	0.008733177420104793	0.007754106988720735	0.6922029886715576
c2	0.050009361358283815	0.04709110590913959	0.04520833210616443	0.7902837426058493
c3	0.1404400823799529	0.13085363466955818	0.14039966455046027	0.7419790633226142
c4	0.3514352440358294	0.3356257172749201	0.3560490890155781	0.744919953505749
c5	0.4471920852179226	0.45575481097476667	0.43552815861449	0.6918664001093833
c1	0.009983452840595698	0.006374259584879178	0.00894307866972405	0.6584803341571976
c2	0.04818231961089104	0.045559477580294855	0.04197980973479467	0.6853505484198589
c3	0.15265005265005266	0.14929623773947354	0.14456743847880904	0.7356486747215498
c4	0.3247104247104247	0.341449608351892	0.30064118661350026	0.6297253146812147
c5	0.4644737501880359	0.4432622997477947	0.48546595555426825	0.6221949183345794
c1	0.010377562353319563	0.008642776395534414	0.0075661851466280105	0.6689823676502185
c2	0.052249644449134866	0.044502613327144835	0.04896607248932072	0.6705414237820972
c3	0.15222602481569147	0.13230211161488753	0.14665631590102635	0.6585071735908926
c4	0.3290616974978265	0.30903331656760447	0.34094478375268666	0.6529841476501579
c5	0.4560850708840276	0.4819832674796649	0.43896687886688035	0.6539260790250662
c1	0.010470519895440024	0.007100708798593685	0.008004601734914178	0.6868316023520482
c2	0.04488817891373802	0.037096410385018416	0.03750330538807957	0.6999660595027963
c3	0.1543227805208636	0.13727256700365245	0.15545121622420532	0.7061460270533829
c4	0.3469309710523768	0.32283253132995166	0.36867091401787466	0.6940639631854002
c5	0.4433875496175816	0.4627741502987925	0.41164422411256585	0.6847041718253102
c1	0.011086209472583297	0.0084721126963998	0.008289058799052168	0.7825215783544377
c2	0.0494745754270631	0.04307040503953763	0.04104163736249533	0.7582947367982904
c3	0.15251755565516212	0.15298152282367605	0.13979955152721227	0.7103729569807586
c4	0.3302604711390009	0.31895935632829364	0.3229073517195455	0.7582947367982904
c5	0.45666118830619057	0.4652716014975907	0.46549441677170245	0.7635865233875941
c1	0.01032661359274952	0.007509647352300876	0.007650549053997811	0.818916013365326
c2	0.04656001216013376	0.039219959543252206	0.04124001977701776	0.7187404514720417
c3	0.1552174573920313	0.14301880660938582	0.15368893536921874	0.754694324744406
c4	0.3537173908912998	0.3470473845030372	0.34580062062557015	0.7523672327826769
c5	0.4341785259637856	0.43165060822179746	0.43068602590642463	0.7339272007150884
c1	0.009660094799065023	0.006262506554696149	0.007467522903296494	0.7766127461395543
c2	0.04550255016492234	0.03968106560478045	0.04496586101981475	0.7674960612955117
c3	0.14332477438923674	0.13177010628656194	0.13375973151401055	0.687440998211915
c4	0.3377329309128039	0.3364523448197406	0.34129330920480094	0.745738244564845
c5	0.463779649733972	0.46453468954390736	0.4566857108186825	0.7594502831533707
c1	0.009533560009768377	0.006565311950057514	0.007535581004879118	0.7597596745737356
c2	0.04788852779291041	0.03768667083996422	0.04569113594531399	0.6745614295299946
c3	0.13889880337384705	0.13263395301915032	0.12572878052212072	0.7555866974370429
c4	0.3402870399939887	0.34219101549058994	0.3347868547396038	0.7645099048026726
c5	0.46339206882948547	0.459513960060542	0.4656362309527202	0.7565797597023475
c1	0.010352681018352265	0.00887820755885951	0.006924992633524042	0.7592144778751982
c2	0.04850309021149521	0.041637210885560785	0.041645524323392004	0.7722264558264065
c3	0.14853333081328318	0.14661074696933657	0.13569687660250285	0.7642477351289367
c4	0.3467652006274925	0.35772693784219856	0.33052593649447215	0.7593133704681652
c5	0.44584569732937684	0.4335957612620855	0.46888941185496236	0.6967585278187942
c1	0.0107500177393032	0.008572974359919867	0.007501703329287875	0.757491373023109
c2	0.053344618909083534	0.052753816585940236	0.0467590112552492	0.7347237644264016
c3	0.1387821714934466	0.1381961923858609	0.12843056335396372	0.7528280697636434
c4	0.32419843691396943	0.30986177289413014	0.3289790879797049	0.737641082933987
c5	0.4729247549441972	0.4692944282085082	0.471023818088015	0.7392172119353244
